segment_id,visit_order,polygon_id,from_polygon_id,to_polygon_id,source_line_id,segment_type,spray_on,length_m,cumulative_distance_m
1,1,9,9,9,197.0,spray,True,6.610293819569051,6.610293819569051
2,1,9,9,9,,turn,False,1.4668711943529156,8.077165013921967
3,1,9,9,9,198.0,spray,True,8.694283069635276,16.771448083557242
4,1,9,9,9,,turn,False,2.0256516447743866,18.79709972833163
5,1,9,9,9,199.0,spray,True,10.778272321156692,29.575372049488323
6,1,9,9,9,,turn,False,31.447012471151538,61.02238452063986
7,1,9,9,9,200.0,spray,True,5.7465748530230485,66.76895937366291
8,1,9,9,9,,turn,False,1.693936883111324,68.46289625677423
9,1,9,9,9,201.0,spray,True,7.987454816757236,76.45035107353146
10,1,9,9,9,,turn,False,29.65555544605013,106.1059065195816
11,1,9,9,9,202.0,spray,True,12.862261571222916,118.96816809080451
12,1,9,9,9,,turn,False,1.652461951351167,120.62063004215568
13,1,9,9,9,203.0,spray,True,14.388989590632264,135.00961963278795
14,1,9,9,9,,turn,False,27.864098419668153,162.8737180524561
15,1,9,9,9,204.0,spray,True,10.228334782121237,173.10205283457734
16,1,9,9,9,,turn,False,1.693936883111324,174.79598971768866
17,1,9,9,9,205.0,spray,True,13.860151428321842,188.6561411460105
18,1,9,9,9,,turn,False,24.681704712100327,213.33784585811082
19,1,9,9,9,206.0,spray,True,14.474927341158036,227.81277319926886
20,1,9,9,9,,turn,False,1.4354370511975303,229.2482102504664
21,1,9,9,9,207.0,spray,True,16.544925003836397,245.7931352543028
22,1,9,9,9,,turn,False,18.873766801145393,264.6669020554482
23,1,9,9,9,208.0,spray,True,18.133452365815174,282.80035442126336
24,1,9,9,9,,turn,False,1.6939368842754623,284.4942913055388
25,1,9,9,9,209.0,spray,True,26.54186517378548,311.0361564793243
26,1,9,9,9,,turn,False,8.689671960251871,319.72582843957616
27,1,9,9,9,210.0,spray,True,18.85596772626741,338.58179616584357
28,1,9,9,9,,turn,False,1.4354370511975303,340.0172332170411
29,1,9,9,9,211.0,spray,True,54.136347860097885,394.153581077139
30,1,9,9,9,,turn,False,1.352128877457965,395.50570995459697
31,1,9,9,9,212.0,spray,True,53.7243616397609,449.23007159435787
32,1,9,9,9,,turn,False,1.435437051217312,450.6655086455752
33,1,9,9,9,213.0,spray,True,53.312375419656746,503.97788406523193
34,1,9,9,9,,turn,False,1.3521288765248436,505.33001294175676
35,1,9,9,9,214.0,spray,True,52.9003891996108,558.2304021413676
36,1,9,9,9,,turn,False,1.3594908312305594,559.5898929725981
37,1,9,9,9,215.0,spray,True,53.1365944010322,612.7264873736303
38,1,9,9,9,,turn,False,1.3521288765248436,614.0786162501552
39,1,9,9,9,216.0,spray,True,54.275600224151276,668.3542164743064
40,1,9,9,9,,turn,False,1.7183743591903515,670.0725908334967
41,1,9,9,9,217.0,spray,True,55.19615147128934,725.2687423047861
42,1,9,9,9,,turn,False,1.3764492149125038,726.6451915196986
43,1,9,9,9,218.0,spray,True,55.99077445972944,782.6359659794281
44,1,9,9,9,,turn,False,1.7183743580265223,784.3543403374546
45,1,9,9,9,219.0,spray,True,56.78539744822774,841.1397377856823
46,1,9,9,9,,turn,False,1.3764492158486423,842.516187001531
47,1,9,9,9,220.0,spray,True,57.667768482642714,900.1839554841737
48,1,9,9,9,,turn,False,2.187940606902433,902.3718960910761
49,1,9,9,9,221.0,spray,True,59.121027648448944,961.492923739525
50,1,9,9,9,,turn,False,1.3764492158486423,962.8693729553737
51,1,9,9,9,222.0,spray,True,60.57428681536112,1023.4436597707348
52,1,9,9,9,,turn,False,2.1879406069482394,1025.631600377683
53,1,9,9,9,223.0,spray,True,62.02754598122556,1087.6591463589086
54,1,9,9,9,,turn,False,1.3764492149011478,1089.0355955738098
55,1,9,9,9,224.0,spray,True,63.4808051471482,1152.516400720958
56,1,9,9,9,,turn,False,14.332264700671658,1166.8486654216297
57,1,9,9,9,225.0,spray,True,1.295263409265317,1168.143928830895
58,1,9,9,9,,turn,False,2.7911378617860687,1170.935066692681
59,1,9,9,9,226.0,spray,True,81.28273457667092,1252.2178012693519
60,1,9,9,9,,turn,False,1.3764492149125038,1253.5942504842644
61,1,9,9,9,227.0,spray,True,81.74911677639466,1335.343367260659
62,1,9,9,9,,turn,False,1.3623925142712274,1336.7057597749304
63,1,9,9,9,228.0,spray,True,81.2972397065023,1418.0029994814327
64,1,9,9,9,,turn,False,1.3764492149011478,1419.3794486963338
65,1,9,9,9,229.0,spray,True,80.84536263690097,1500.2248113332348
66,1,9,9,9,,turn,False,1.3623925133327102,1501.5872038465675
67,1,9,9,9,230.0,spray,True,80.39348556724144,1581.980689413809
68,1,9,9,9,,turn,False,1.3764492158486423,1583.3571386296576
69,1,9,9,9,231.0,spray,True,79.94160849729087,1663.2987471269485
70,1,9,9,9,,turn,False,1.3506597019495485,1664.649406828898
71,1,9,9,9,232.0,spray,True,79.6308615214075,1744.2802683503055
72,1,9,9,9,,turn,False,1.3764492158599984,1745.6567175661655
73,1,9,9,9,233.0,spray,True,79.65003847092157,1825.306756037087
74,1,9,9,9,,turn,False,1.3803186808227703,1826.6870747179098
75,1,9,9,9,234.0,spray,True,79.66921542055206,1906.3562901384619
76,1,9,9,9,,turn,False,1.3764492149125038,1907.7327393533744
77,1,9,9,9,235.0,spray,True,79.68839237006614,1987.4211317234406
78,1,9,9,9,,turn,False,1.3522052581914221,1988.773336981632
79,1,9,9,9,236.0,spray,True,79.3426598305814,2068.1159968122133
80,1,9,9,9,,turn,False,1.3764492149011478,2069.4924460271145
81,1,9,9,9,237.0,spray,True,78.01045026275096,2147.5028962898655
82,1,9,9,9,,turn,False,1.718690798216686,2149.2215870880823
83,1,9,9,9,238.0,spray,True,76.678240693931,2225.8998277820133
84,1,9,9,9,,turn,False,1.3764492149011478,2227.2762769969145
85,1,9,9,9,239.0,spray,True,75.34603112610057,2302.622308123015
86,1,9,9,9,,turn,False,1.7186907970168392,2304.340998920032
87,1,9,9,9,240.0,spray,True,74.01382155827014,2378.354820478302
88,1,9,9,9,,turn,False,1.3764492158599984,2379.7312696941617
89,1,9,9,9,241.0,spray,True,52.92854620539583,2432.6598158995575
90,1,9,9,9,,turn,False,13.531930955351314,2446.191746854909
91,1,9,9,9,242.0,spray,True,16.064173140679486,2462.2559199955886
92,1,9,9,9,,turn,False,3.473931909946259,2465.729851905535
93,1,9,9,9,243.0,spray,True,18.78538389026653,2484.5152357958013
94,1,9,9,9,,turn,False,2.8412881675682264,2487.3565239633695
95,1,9,9,9,244.0,spray,True,2.51976673892932,2489.876290702299
96,1,9,9,9,,turn,False,19.89133985672379,2509.7676305590226
97,1,9,9,9,245.0,spray,True,11.006763587880414,2520.774394146903
98,1,9,9,9,,turn,False,2.7584595263511296,2523.532853673254
99,1,9,9,9,246.0,spray,True,5.949354038515594,2529.4822077117697
100,2,10,9,10,,transit,False,68.89634405188674,2598.3785517636566
101,2,10,10,10,262.0,spray,True,5.832595993182622,2604.211147756839
102,2,10,10,10,,turn,False,2.1319433085531183,2606.3430910653924
103,2,10,10,10,261.0,spray,True,11.195275499776471,2617.538366565169
104,2,10,10,10,,turn,False,1.6824628818490341,2619.220829447018
105,2,10,10,10,260.0,spray,True,12.604356002935674,2631.8251854499536
106,2,10,10,10,,turn,False,1.354057418488754,2633.179242868442
107,2,10,10,10,259.0,spray,True,13.376630014565308,2646.5558728830074
108,2,10,10,10,,turn,False,1.349999999627471,2647.905872882635
109,2,10,10,10,258.0,spray,True,13.271885129099246,2661.177758011734
110,2,10,10,10,,turn,False,1.354057418488754,2662.5318154302227
111,2,10,10,10,257.0,spray,True,13.16714024351677,2675.6989556737394
112,2,10,10,10,,turn,False,1.349999999627471,2677.048955673367
113,2,10,10,10,256.0,spray,True,13.0623953579925,2690.1113510313594
114,2,10,10,10,,turn,False,1.3540574175512168,2691.4654084489107
115,2,10,10,10,255.0,spray,True,12.957650472526439,2704.423058921437
116,2,10,10,10,,turn,False,1.3500000005587935,2705.773058921996
117,2,10,10,10,254.0,spray,True,12.852905586943962,2718.62596450894
118,2,10,10,10,,turn,False,1.3548808643999766,2719.98084537334
119,2,10,10,10,253.0,spray,True,12.738004944112618,2732.7188503174525
120,2,10,10,10,,turn,False,1.3500000005587935,2734.0688503180113
121,2,10,10,10,252.0,spray,True,12.415835068793967,2746.4846853868053
122,2,10,10,10,,turn,False,1.3879097331759331,2747.8725951199813
123,2,10,10,10,251.0,spray,True,12.09366519364994,2759.966260313631
124,2,10,10,10,,turn,False,1.8237667082724618,2761.790027021904
125,2,10,10,10,250.0,spray,True,10.545271437207703,2772.3352984591115
126,2,10,10,10,,turn,False,1.3879097341223516,2773.723208193234
127,2,10,10,10,249.0,spray,True,8.908583875163458,2782.6317920683973
128,2,10,10,10,,turn,False,1.8842655718908439,2784.516057640288
129,2,10,10,10,248.0,spray,True,7.27189631422516,2791.7879539545133
130,2,10,10,10,,turn,False,1.6822009847394015,2793.4701549392526
131,2,10,10,10,247.0,spray,True,4.953735188988503,2798.423890128241
132,3,8,10,8,,transit,False,143.48571978536634,2941.9096099136073
133,3,8,8,8,163.0,spray,True,6.906519505719189,2948.8161294193264
134,3,8,8,8,,turn,False,25.926628182062316,2974.742757601389
135,3,8,8,8,164.0,spray,True,4.932299881242216,2979.675057482631
136,3,8,8,8,,turn,False,15.153926596220117,2994.828984078851
137,3,8,8,8,165.0,spray,True,14.648178547678981,3009.47716262653
138,3,8,8,8,,turn,False,2.360562468997427,3011.8377250955277
139,3,8,8,8,166.0,spray,True,17.423271441773977,3029.2609965373017
140,3,8,8,8,,turn,False,13.496382288692985,3042.7573788259947
141,3,8,8,8,167.0,spray,True,6.367504730296787,3049.1248835562915
142,3,8,8,8,,turn,False,1.4840338533674282,3050.6089174096587
143,3,8,8,8,168.0,spray,True,7.8027095784200355,3058.4116269880788
144,3,8,8,8,,turn,False,11.838837982271798,3070.2504649703505
145,3,8,8,8,169.0,spray,True,20.19836433394812,3090.4488293042987
146,3,8,8,8,,turn,False,2.360562468997427,3092.8093917732963
147,3,8,8,8,170.0,spray,True,22.97345722798491,3115.782849001281
148,3,8,8,8,,turn,False,10.181293674802873,3125.964142676084
149,3,8,8,8,171.0,spray,True,9.042611608048901,3135.006754284133
150,3,8,8,8,,turn,False,1.3706508000822206,3136.3774050842153
151,3,8,8,8,172.0,spray,True,10.410359085712116,3146.7877641699274
152,3,8,8,8,,turn,False,7.227220646920614,3154.014984816848
153,3,8,8,8,173.0,spray,True,26.259180398657918,3180.274165215506
154,3,8,8,8,,turn,False,2.360562467366574,3182.6347276828724
155,3,8,8,8,174.0,spray,True,31.179919276561122,3213.8146469594335
156,3,8,8,8,,turn,False,0.12171964126173407,3213.9363666006952
157,3,8,8,8,175.0,spray,True,14.294518833979964,3228.230885434675
158,3,8,8,8,,turn,False,1.3706508010196436,3229.6015362356948
159,3,8,8,8,176.0,spray,True,46.02541495981859,3275.6269511955134
160,3,8,8,8,,turn,False,1.4581302469151878,3277.0850814424284
161,3,8,8,8,177.0,spray,True,46.33942297816975,3323.424504420598
162,3,8,8,8,,turn,False,1.3706508010196436,3324.7951552216177
163,3,8,8,8,178.0,spray,True,46.65343099681195,3371.4485862184297
164,3,8,8,8,,turn,False,1.3506620938626879,3372.7992483122925
165,3,8,8,8,179.0,spray,True,46.4586860081763,3419.257934320469
166,3,8,8,8,,turn,False,1.3706508000822206,3420.628585120551
167,3,8,8,8,180.0,spray,True,46.024457560968585,3466.6530426815198
168,3,8,8,8,,turn,False,1.3643265370915405,3468.0173692186113
169,3,8,8,8,181.0,spray,True,45.59022911346983,3513.607598332081
170,3,8,8,8,,turn,False,1.3706508000721547,3514.9782491321535
171,3,8,8,8,182.0,spray,True,45.156000666320324,3560.134249798474
172,3,8,8,8,,turn,False,1.3643265370831272,3561.498576335557
173,3,8,8,8,183.0,spray,True,44.72177221882157,3606.2203485543787
174,3,8,8,8,,turn,False,1.3706508000721547,3607.590999354451
175,3,8,8,8,184.0,spray,True,44.28754377167206,3651.878543126123
176,3,8,8,8,,turn,False,1.8812593500025832,3653.7598024761255
177,3,8,8,8,185.0,spray,True,42.74030808894895,3696.5001105650745
178,3,8,8,8,,turn,False,1.3706508010297096,3697.870761366104
179,3,8,8,8,186.0,spray,True,12.480428347247653,3710.3511897133517
180,3,8,8,8,,turn,False,5.279006934200879,3715.6301966475526
181,3,8,8,8,187.0,spray,True,23.15662667917786,3738.7868233267304
182,3,8,8,8,,turn,False,2.0836872082664724,3740.870510534997
183,3,8,8,8,188.0,spray,True,19.932215975713916,3760.8027265107107
184,3,8,8,8,,turn,False,8.796622432710137,3769.599348943421
185,3,8,8,8,189.0,spray,True,10.362977425276767,3779.9623263686976
186,3,8,8,8,,turn,False,1.3706508010196436,3781.332977169717
187,3,8,8,8,190.0,spray,True,9.404101140447892,3790.737078310165
188,3,8,8,8,,turn,False,10.892621023813263,3801.6296993339784
189,3,8,8,8,191.0,spray,True,16.970847541233525,3818.600546875212
190,3,8,8,8,,turn,False,2.0836872083108107,3820.684234083523
191,3,8,8,8,192.0,spray,True,14.009479108732194,3834.693713192255
192,3,8,8,8,,turn,False,12.626786215172615,3847.3204994074276
193,3,8,8,8,193.0,spray,True,8.807058254547883,3856.1275576619755
194,3,8,8,8,,turn,False,1.3706508000721547,3857.498208462048
195,3,8,8,8,194.0,spray,True,8.210015368647873,3865.7082238306957
196,3,8,8,8,,turn,False,1.3971788283617947,3867.1054026590573
197,3,8,8,8,195.0,spray,True,7.048099614388775,3874.153502273446
198,3,8,8,8,,turn,False,1.941115047496981,3876.094617320943
199,3,8,8,8,196.0,spray,True,3.4247600011876784,3879.519377322131
200,4,11,8,11,,transit,False,115.09221303460808,3994.611590356739
201,4,11,11,11,300.0,spray,True,1.6088129437412135,3996.22040330048
202,4,11,11,11,,turn,False,2.2276111005809223,3998.448014401061
203,4,11,11,11,299.0,spray,True,5.6994112026295625,4004.1474256036904
204,4,11,11,11,,turn,False,1.4280128884141454,4005.5754384921047
205,4,11,11,11,298.0,spray,True,7.936878339911345,4013.512316832016
206,4,11,11,11,,turn,False,2.2276110989978952,4015.739927931014
207,4,11,11,11,297.0,spray,True,9.95271719363518,4025.692645124649
208,4,11,11,11,,turn,False,1.4090459628094627,4027.1016910874587
209,4,11,11,11,296.0,spray,True,11.165300191554707,4038.2669912790134
210,4,11,11,11,,turn,False,1.474147928049702,4039.741139207063
211,4,11,11,11,295.0,spray,True,11.353803517122287,4051.0949427241853
212,4,11,11,11,,turn,False,1.4090459628261363,4052.5039886870113
213,4,11,11,11,294.0,spray,True,11.542306842864491,4064.046295529876
214,4,11,11,11,,turn,False,1.4741479280263217,4065.5204434579023
215,4,11,11,11,293.0,spray,True,11.730810168432072,4077.2512536263343
216,4,11,11,11,,turn,False,1.4090459618504727,4078.660299588185
217,4,11,11,11,292.0,spray,True,11.710529310861602,4090.3708288990465
218,4,11,11,11,,turn,False,1.3501906643604344,4091.721019563407
219,4,11,11,11,291.0,spray,True,11.32959738757927,4103.050616950986
220,4,11,11,11,,turn,False,1.3883590442406195,4104.438975995227
221,4,11,11,11,290.0,spray,True,11.676387263985816,4116.115363259213
222,4,11,11,11,,turn,False,1.3501906643614126,4117.465553923575
223,4,11,11,11,289.0,spray,True,12.154324896400794,4129.619878819975
224,4,11,11,11,,turn,False,1.4246931443556632,4131.044571964331
225,4,11,11,11,288.0,spray,True,12.632262528408319,4143.6768344927395
226,4,11,11,11,,turn,False,1.3501906634302216,4145.02702515617
227,4,11,11,11,287.0,spray,True,13.110200160532258,4158.137225316702
228,4,11,11,11,,turn,False,1.4246931453311575,4159.561918462033
229,4,11,11,11,286.0,spray,True,13.588137792889029,4173.150056254922
230,4,11,11,11,,turn,False,1.3501906634292433,4174.500246918351
231,4,11,11,11,285.0,spray,True,13.974144308420364,4188.474391226771
232,4,11,11,11,,turn,False,1.3535307223497286,4189.827921949121
233,4,11,11,11,284.0,spray,True,13.614589268749114,4203.442511217871
234,4,11,11,11,,turn,False,1.4540012110502707,4204.896512428921
235,4,11,11,11,283.0,spray,True,12.97687055368442,4217.873382982605
236,4,11,11,11,,turn,False,1.3535307214166339,4219.226913704022
237,4,11,11,11,282.0,spray,True,12.33915183856152,4231.566065542584
238,4,11,11,11,,turn,False,1.4540012120663068,4233.02006675465
239,4,11,11,11,281.0,spray,True,11.701433122972958,4244.721499877623
240,4,11,11,11,,turn,False,1.3535307214166339,4246.07503059904
241,4,11,11,11,280.0,spray,True,11.482234221941326,4257.557264820981
242,4,11,11,11,,turn,False,1.3697806358262812,4258.927045456807
243,4,11,11,11,279.0,spray,True,11.616479673306458,4270.543525130113
244,4,11,11,11,,turn,False,1.3535307214166339,4271.89705585153
245,4,11,11,11,278.0,spray,True,11.750725124555174,4283.647780976085
246,4,11,11,11,,turn,False,1.3697806348788386,4285.017561610965
247,4,11,11,11,277.0,spray,True,11.88497057580389,4296.902532186768
248,4,11,11,11,,turn,False,1.3535307223497286,4298.256062909119
249,4,11,11,11,276.0,spray,True,12.019216027110815,4310.275278936229
250,4,11,11,11,,turn,False,1.3697806348788386,4311.6450595711085
251,4,11,11,11,275.0,spray,True,12.107213951006997,4323.7522735221155
252,4,11,11,11,,turn,False,1.4283880284827017,4325.180661550598
253,4,11,11,11,274.0,spray,True,11.872477752738632,4337.053139303337
254,4,11,11,11,,turn,False,1.3697806348788386,4338.422919938216
255,4,11,11,11,273.0,spray,True,11.63774155464489,4350.060661492861
256,4,11,11,11,,turn,False,1.428388027507401,4351.489049520368
257,4,11,11,11,272.0,spray,True,11.40300535649294,4362.892054876861
258,4,11,11,11,,turn,False,1.3697806358164248,4364.261835512678
259,4,11,11,11,271.0,spray,True,11.168269158166368,4375.430104670844
260,4,11,11,11,,turn,False,1.428388027507401,4376.858492698351
261,4,11,11,11,270.0,spray,True,10.933532960014418,4387.792025658366
262,4,11,11,11,,turn,False,1.3697806358262812,4389.161806294192
263,4,11,11,11,269.0,spray,True,11.305374357965775,4400.467180652157
264,4,11,11,11,,turn,False,1.3865855965756857,4401.853766248733
265,4,11,11,11,268.0,spray,True,11.853737289609853,4413.707503538343
266,4,11,11,11,,turn,False,1.3697806348689823,4415.077284173212
267,4,11,11,11,267.0,spray,True,12.402100221195724,4427.479384394408
268,4,11,11,11,,turn,False,1.3865855975355665,4428.8659699919435
269,4,11,11,11,266.0,spray,True,12.950463153247256,4441.816433145191
270,4,11,11,11,,turn,False,1.439239517098806,4443.25567266229
271,4,11,11,11,265.0,spray,True,11.90820319741033,4455.1638758597
272,4,11,11,11,,turn,False,1.843820564659798,4457.00769642436
273,4,11,11,11,264.0,spray,True,9.54776477557607,4466.555461199936
274,4,11,11,11,,turn,False,1.7443056903249234,4468.299766890261
275,4,11,11,11,263.0,spray,True,7.187326355255209,4475.487093245516
276,5,12,11,12,,transit,False,19.202312205436616,4494.689405450953
277,5,12,12,12,311.0,spray,True,3.1242427803808823,4497.813648231334
278,5,12,12,12,,turn,False,5.050436007120686,4502.864084238455
279,5,12,12,12,310.0,spray,True,13.446312338288408,4516.310396576743
280,5,12,12,12,,turn,False,1.3837522326120284,4517.694148809355
281,5,12,12,12,309.0,spray,True,15.100117698253598,4532.794266507609
282,5,12,12,12,,turn,False,1.6721380871424505,4534.466404594751
283,5,12,12,12,308.0,spray,True,16.390562103129923,4550.856966697881
284,5,12,12,12,,turn,False,1.3837522326120284,4552.240718930493
285,5,12,12,12,307.0,spray,True,16.56725919438759,4568.807978124881
286,5,12,12,12,,turn,False,1.3559664540364038,4570.163944578917
287,5,12,12,12,306.0,spray,True,16.74395628552884,4586.907900864446
288,5,12,12,12,,turn,False,1.3837522316650894,4588.291653096111
289,5,12,12,12,305.0,spray,True,16.920653376728296,4605.212306472839
290,5,12,12,12,,turn,False,1.3559664549745372,4606.568272927814
291,5,12,12,12,304.0,spray,True,15.066000148421153,4621.634273076235
292,5,12,12,12,,turn,False,2.582171208199546,4624.216444284435
293,5,12,12,12,303.0,spray,True,12.737776434747502,4636.954220719183
294,5,12,12,12,,turn,False,1.5900123416901197,4638.544233060873
295,5,12,12,12,302.0,spray,True,9.696592436404899,4648.240825497278
296,5,12,12,12,,turn,False,6.188987432679345,4654.429812929957
297,5,12,12,12,301.0,spray,True,2.399698061926756,4656.829510991884
298,6,13,12,13,,transit,False,32.53317078531492,4689.362681777198
299,6,13,13,13,341.0,spray,True,2.4574400361743756,4691.820121813373
300,6,13,13,13,,turn,False,3.427194816728931,4695.2473166301015
301,6,13,13,13,340.0,spray,True,7.839252837235108,4703.086569467337
302,6,13,13,13,,turn,False,2.608259521768049,4705.694828989104
303,6,13,13,13,339.0,spray,True,13.059234011743683,4718.754063000848
304,6,13,13,13,,turn,False,1.7343206498399042,4720.488383650688
305,6,13,13,13,338.0,spray,True,16.135664849425666,4736.6240485001135
306,6,13,13,13,,turn,False,1.7548912201392888,4738.378939720253
307,6,13,13,13,337.0,spray,True,18.34563494316535,4756.724574663418
308,6,13,13,13,,turn,False,1.7343206510398779,4758.458895314458
309,6,13,13,13,336.0,spray,True,20.555605038476642,4779.014500352934
310,6,13,13,13,,turn,False,1.7548912201392888,4780.769391573073
311,6,13,13,13,335.0,spray,True,22.765575132216327,4803.53496670529
312,6,13,13,13,,turn,False,1.7343206510398779,4805.269287356329
313,6,13,13,13,334.0,spray,True,24.71743710176088,4829.98672445809
314,6,13,13,13,,turn,False,1.3874883542825482,4831.374212812372
315,6,13,13,13,333.0,spray,True,26.126532929658424,4857.500745742031
316,6,13,13,13,,turn,False,1.4009101611013484,4858.9016559031315
317,6,13,13,13,332.0,spray,True,26.821114222635515,4885.722770125767
318,6,13,13,13,,turn,False,1.3874883552424646,4887.11025848101
319,6,13,13,13,331.0,spray,True,27.46606495877495,4914.576323439785
320,6,13,13,13,,turn,False,1.3884760809441854,4915.964799520729
321,6,13,13,13,330.0,spray,True,12.240423812007066,4928.205223332736
322,6,13,13,13,,turn,False,1.3205048916861415,4929.525728224422
323,6,13,13,13,329.0,spray,True,14.320991031418089,4943.84671925584
324,6,13,13,13,,turn,False,1.3676361735678757,4945.214355429408
325,6,13,13,13,328.0,spray,True,9.82354352681432,4955.037898956222
326,6,13,13,13,,turn,False,6.949071340786759,4961.986970297009
327,6,13,13,13,327.0,spray,True,11.214979649928864,4973.201949946938
328,6,13,13,13,,turn,False,1.3884760809441854,4974.590426027882
329,6,13,13,13,326.0,spray,True,10.189535488607362,4984.7799615164895
330,6,13,13,13,,turn,False,9.19330230745254,4993.973263823942
331,6,13,13,13,325.0,spray,True,8.71043150377227,5002.683695327714
332,6,13,13,13,,turn,False,1.3676361726299278,5004.0513315003445
333,6,13,13,13,324.0,spray,True,7.597319480788428,5011.648650981133
334,6,13,13,13,,turn,False,10.648132426082157,5022.296783407215
335,6,13,13,13,323.0,spray,True,9.953492175322026,5032.250275582537
336,6,13,13,13,,turn,False,1.3884760818905237,5033.638751664427
337,6,13,13,13,322.0,spray,True,10.029923132969998,5043.668674797397
338,6,13,13,13,,turn,False,11.790488274593372,5055.459163071991
339,6,13,13,13,321.0,spray,True,6.4842074569896795,5061.94337052898
340,6,13,13,13,,turn,False,2.679467935793164,5064.622838464774
341,6,13,13,13,320.0,spray,True,3.2754918325226754,5067.8983302972965
342,6,13,13,13,,turn,False,12.932844122347888,5080.831174419644
343,6,13,13,13,319.0,spray,True,10.10635409061797,5090.937528510262
344,6,13,13,13,,turn,False,1.3884760818905237,5092.3260045921525
345,6,13,13,13,318.0,spray,True,10.182785048324149,5102.508789640477
346,6,13,13,13,,turn,False,1.3726209905006337,5103.881410630977
347,6,13,13,13,317.0,spray,True,10.259216005972121,5114.1406266369495
348,6,13,13,13,,turn,False,1.3884760809305774,5115.52910271788
349,6,13,13,13,316.0,spray,True,10.335646963620093,5125.8647496815
350,6,13,13,13,,turn,False,1.3726209914481797,5127.237370672949
351,6,13,13,13,315.0,spray,True,10.412077921326272,5137.649448594275
352,6,13,13,13,,turn,False,1.4522659405025236,5139.101714534778
353,6,13,13,13,314.0,spray,True,9.628579573589377,5148.730294108367
354,6,13,13,13,,turn,False,1.372620991437656,5150.102915099805
355,6,13,13,13,313.0,spray,True,8.688922939880285,5158.791838039685
356,6,13,13,13,,turn,False,2.1811991833696704,5160.973037223054
357,6,13,13,13,312.0,spray,True,4.931654397107195,5165.904691620161
358,7,15,13,15,,transit,False,120.03035172606508,5285.935043346227
359,7,15,15,15,386.0,spray,True,1.805157657188829,5287.740201003416
360,7,15,15,15,,turn,False,2.3964896143076158,5290.136690617724
361,7,15,15,15,385.0,spray,True,8.895326140569523,5299.032016758293
362,7,15,15,15,,turn,False,2.1088090723599207,5301.140825830653
363,7,15,15,15,384.0,spray,True,11.987958831945434,5313.128784662598
364,7,15,15,15,,turn,False,1.3516865600262167,5314.480471222624
365,7,15,15,15,383.0,spray,True,13.675515321549028,5328.155986544173
366,7,15,15,15,,turn,False,1.690051800446501,5329.84603834462
367,7,15,15,15,382.0,spray,True,14.759764889487997,5344.605803234108
368,7,15,15,15,,turn,False,1.3516865600291237,5345.9574897941375
369,7,15,15,15,381.0,spray,True,14.996022798062768,5360.9535125922
370,7,15,15,15,,turn,False,1.3605066953259102,5362.314019287526
371,7,15,15,15,380.0,spray,True,15.232280706462916,5377.546299993989
372,7,15,15,15,,turn,False,1.3516865590960563,5378.8979865530855
373,7,15,15,15,379.0,spray,True,14.727351892041042,5393.6253384451265
374,7,15,15,15,,turn,False,1.563983907347878,5395.189322352475
375,7,15,15,15,378.0,spray,True,14.005205077060964,5409.194527429536
376,7,15,15,15,,turn,False,1.3516865590960563,5410.546213988632
377,7,15,15,15,377.0,spray,True,13.283058262662962,5423.829272251295
378,7,15,15,15,,turn,False,2.530849909772184,5426.360122161067
379,7,15,15,15,376.0,spray,True,10.330639747320674,5436.690761908388
380,7,15,15,15,,turn,False,2.86882476462371,5439.559586673012
381,7,15,15,15,375.0,spray,True,2.0469385497272015,5441.606525222739
382,8,16,15,16,,transit,False,37.842103676147254,5479.448628898886
383,8,16,16,16,408.0,spray,True,1.7976786287035793,5481.24630752759
384,8,16,16,16,,turn,False,2.9907235857593446,5484.237031113349
385,8,16,16,16,407.0,spray,True,6.295466094627045,5490.532497207976
386,8,16,16,16,,turn,False,2.2733418074262737,5492.805839015402
387,8,16,16,16,406.0,spray,True,10.793253560608719,5503.599092576011
388,8,16,16,16,,turn,False,1.9063179311735154,5505.505410507184
389,8,16,16,16,405.0,spray,True,13.968284657341428,5519.473695164525
390,8,16,16,16,,turn,False,1.9812500596625375,5521.454945224188
391,8,16,16,16,404.0,spray,True,15.721477332001086,5537.176422556189
392,8,16,16,16,,turn,False,1.3836011913029316,5538.560023747492
393,8,16,16,16,403.0,spray,True,16.60719978431007,5555.167223531802
394,8,16,16,16,,turn,False,1.4703680773122396,5556.637591609114
395,8,16,16,16,402.0,spray,True,17.492922236036975,5574.130513845151
396,8,16,16,16,,turn,False,1.3836011903432262,5575.514115035494
397,8,16,16,16,401.0,spray,True,18.378644687705673,5593.8927597232
398,8,16,16,16,,turn,False,1.4703680783057147,5595.3631278015055
399,8,16,16,16,400.0,spray,True,19.264367140014656,5614.62749494152
400,8,16,16,16,,turn,False,1.3836011903559762,5616.011096131876
401,8,16,16,16,399.0,spray,True,20.15008959179977,5636.161185723676
402,8,16,16,16,,turn,False,1.4587176524248961,5637.6199033761
403,8,16,16,16,398.0,spray,True,21.005752300436143,5658.625655676537
404,8,16,16,16,,turn,False,1.3836011903432262,5660.00925686688
405,8,16,16,16,397.0,spray,True,20.835611953400075,5680.84486882028
406,8,16,16,16,,turn,False,1.4305346299644592,5682.275403450244
407,8,16,16,16,396.0,spray,True,20.665471606422216,5702.940875056666
408,8,16,16,16,,turn,False,1.352450569940335,5704.293325626607
409,8,16,16,16,395.0,spray,True,20.110880883643404,5724.40420651025
410,8,16,16,16,,turn,False,1.4305346299644592,5725.834741140215
411,8,16,16,16,394.0,spray,True,19.487664146057796,5745.322405286272
412,8,16,16,16,,turn,False,1.3583083257957678,5746.680713612068
413,8,16,16,16,393.0,spray,True,18.864447408006527,5765.545161020074
414,8,16,16,16,,turn,False,1.4305346299837138,5766.975695650058
415,8,16,16,16,392.0,spray,True,18.24123067036271,5785.2169263204205
416,8,16,16,16,,turn,False,1.5213877678610788,5786.738314088281
417,8,16,16,16,391.0,spray,True,16.584729759546462,5803.323043847828
418,8,16,16,16,,turn,False,1.8393584137385015,5805.162402261566
419,8,16,16,16,390.0,spray,True,14.382461132365279,5819.544863393931
420,8,16,16,16,,turn,False,1.6524701759830955,5821.197333569914
421,8,16,16,16,389.0,spray,True,12.180192506639287,5833.377526076553
422,8,16,16,16,,turn,False,1.8393584137385015,5835.216884490292
423,8,16,16,16,388.0,spray,True,9.07602708984632,5844.292911580138
424,8,16,16,16,,turn,False,4.023739231659248,5848.316650811797
425,8,16,16,16,387.0,spray,True,3.3735713474452496,5851.690222159243
426,9,17,16,17,,transit,False,150.89794973300997,6002.588171892253
427,9,17,17,17,409.0,spray,True,5.40114744566381,6007.989319337917
428,9,17,17,17,,turn,False,1.454001212087925,6009.4433205500045
429,9,17,17,17,410.0,spray,True,6.797924971033353,6016.241245521038
430,9,17,17,17,,turn,False,1.5989173683313902,6017.840162889369
431,9,17,17,17,411.0,spray,True,8.194702495471574,6026.0348653848405
432,9,17,17,17,,turn,False,1.454001212087925,6027.488866596928
433,9,17,17,17,412.0,spray,True,8.980915562890004,6036.469782159818
434,9,17,17,17,,turn,False,1.3527013715153822,6037.822483531334
435,9,17,17,17,413.0,spray,True,9.869060624216218,6047.69154415555
436,9,17,17,17,,turn,False,2.126899533812057,6049.8184436893625
437,9,17,17,17,414.0,spray,True,11.427148001617752,6061.24559169098
438,9,17,17,17,,turn,False,1.3527013724521983,6062.598293063433
439,9,17,17,17,415.0,spray,True,12.985235380067024,6075.5835284435
440,9,17,17,17,,turn,False,1.8499748353890297,6077.433503278889
441,9,17,17,17,416.0,spray,True,14.164663741539698,6091.598167020428
442,9,17,17,17,,turn,False,1.3527013724521983,6092.950868392881
443,9,17,17,17,417.0,spray,True,14.653705158969387,6107.60457355185
444,9,17,17,17,,turn,False,1.4671522328373596,6109.071725784687
445,9,17,17,17,418.0,spray,True,15.14274657604983,6124.214472360737
446,9,17,17,17,,turn,False,1.352701371519059,6125.567173732256
447,9,17,17,17,419.0,spray,True,15.511239085288253,6141.078412817545
448,9,17,17,17,,turn,False,1.353078326143239,6142.431491143688
449,9,17,17,17,420.0,spray,True,15.51701245678123,6157.948503600469
450,9,17,17,17,,turn,False,1.3527013715153822,6159.301204971985
451,9,17,17,17,421.0,spray,True,15.522785828332417,6174.823990800317
452,9,17,17,17,,turn,False,1.353078326139315,6176.177069126456
453,9,17,17,17,422.0,spray,True,15.36101195862284,6191.538081085079
454,9,17,17,17,,turn,False,1.6117435600043064,6193.149824645084
455,9,17,17,17,423.0,spray,True,14.571766973356716,6207.7215916184405
456,9,17,17,17,,turn,False,1.6171822260505428,6209.338773844491
457,9,17,17,17,424.0,spray,True,12.800921702582855,6222.139695547074
458,9,17,17,17,,turn,False,2.11924902409757,6224.258944571171
459,9,17,17,17,425.0,spray,True,8.540186085912865,6232.799130657084
460,10,18,17,18,,transit,False,42.417080910270414,6275.216211567355
461,10,18,18,18,426.0,spray,True,1.790252227394376,6277.006463794749
462,10,18,18,18,,turn,False,10.289288872216996,6287.295752666966
463,10,18,18,18,427.0,spray,True,14.69068404880818,6301.986436715774
464,10,18,18,18,,turn,False,1.5660414973620813,6303.552478213136
465,10,18,18,18,428.0,spray,True,16.729953343688976,6320.282431556825
466,10,18,18,18,,turn,False,1.5548768061305347,6321.837308362956
467,10,18,18,18,429.0,spray,True,18.194194086419884,6340.031502449376
468,10,18,18,18,,turn,False,1.5173835790995542,6341.548886028475
469,10,18,18,18,430.0,spray,True,19.658434830256738,6361.207320858732
470,10,18,18,18,,turn,False,1.5548768061594145,6362.762197664891
471,10,18,18,18,431.0,spray,True,21.122675573045854,6383.8848732379365
472,10,18,18,18,,turn,False,1.5173835780317857,6385.402256815968
473,10,18,18,18,432.0,spray,True,21.91893613297725,6407.321192948945
474,10,18,18,18,,turn,False,1.3521495129207686,6408.673342461866
475,10,18,18,18,433.0,spray,True,21.76627767639002,6430.439620138256
476,10,18,18,18,,turn,False,1.356733658153108,6431.796353796409
477,10,18,18,18,434.0,spray,True,21.55506092874566,6453.351414725154
478,10,18,18,18,,turn,False,1.3521495129207686,6454.703564238075
479,10,18,18,18,435.0,spray,True,21.343844181043096,6476.047408419118
480,10,18,18,18,,turn,False,1.356733658153108,6477.404142077271
481,10,18,18,18,436.0,spray,True,21.132627433456946,6498.536769510728
482,10,18,18,18,,turn,False,1.3521495119876459,6499.8889190227155
483,10,18,18,18,437.0,spray,True,20.921410685870796,6520.810329708586
484,10,18,18,18,,turn,False,1.3567336590913923,6522.167063367678
485,10,18,18,18,438.0,spray,True,20.710193938110024,6542.877257305788
486,10,18,18,18,,turn,False,1.3521495119876459,6544.229406817775
487,10,18,18,18,439.0,spray,True,20.498977190523874,6564.728384008299
488,10,18,18,18,,turn,False,1.3567336590913923,6566.0851176673905
489,10,18,18,18,440.0,spray,True,19.868975298595615,6585.954092965986
490,10,18,18,18,,turn,False,1.5581308593437038,6587.51222382533
491,10,18,18,18,441.0,spray,True,18.955978635698557,6606.468202461028
492,10,18,18,18,,turn,False,1.356733658153108,6607.824936119181
493,10,18,18,18,442.0,spray,True,18.0429819728015,6625.867918091983
494,10,18,18,18,,turn,False,1.5581308604121964,6627.426048952395
495,10,18,18,18,443.0,spray,True,17.129985309264157,6644.556034261659
496,10,18,18,18,,turn,False,1.3684151506920939,6645.924449412351
497,10,18,18,18,444.0,spray,True,16.575734144367743,6662.500183556719
498,10,18,18,18,,turn,False,1.55813086044126,6664.058314417161
499,10,18,18,18,445.0,spray,True,16.17575465363916,6680.2340690708
500,10,18,18,18,,turn,False,1.401924949885369,6681.635994020685
501,10,18,18,18,446.0,spray,True,15.775775163201615,6697.4117691838865
502,10,18,18,18,,turn,False,1.5581308593146401,6698.969900043201
503,10,18,18,18,447.0,spray,True,15.375795672880486,6714.3456957160815
504,10,18,18,18,,turn,False,1.4019249508606717,6715.747620666943
505,10,18,18,18,448.0,spray,True,15.53161856107181,6731.279239228014
506,10,18,18,18,,turn,False,1.3526619542113256,6732.631901182226
507,10,18,18,18,449.0,spray,True,15.278596420946997,6747.910497603173
508,10,18,18,18,,turn,False,1.3959657456468826,6749.30646334882
509,10,18,18,18,450.0,spray,True,14.838501777208876,6764.144965126029
510,10,18,18,18,,turn,False,1.3526619542113256,6765.497627080241
511,10,18,18,18,451.0,spray,True,14.398407133878209,6779.896034214119
512,10,18,18,18,,turn,False,1.3959657446721565,6781.291999958791
513,10,18,18,18,452.0,spray,True,13.958312490489334,6795.2503124492805
514,10,18,18,18,,turn,False,1.3526619551444652,6796.602974404425
515,10,18,18,18,453.0,spray,True,14.065173179551493,6810.668147583977
516,10,18,18,18,,turn,False,1.3651927674120743,6812.033340351389
517,10,18,18,18,454.0,spray,True,14.183457730163354,6826.216798081552
518,10,18,18,18,,turn,False,1.3526619551481152,6827.569460036701
519,10,18,18,18,455.0,spray,True,14.301742280833423,6841.871202317534
520,10,18,18,18,,turn,False,1.365192767420734,6843.236395084955
521,10,18,18,18,456.0,spray,True,14.420026831503492,6857.656421916458
522,10,18,18,18,,turn,False,1.3526619542149756,6859.009083870674
523,10,18,18,18,457.0,spray,True,14.538311382057145,6873.547395252731
524,10,18,18,18,,turn,False,1.3651927683590117,6874.9125880210895
525,10,18,18,18,458.0,spray,True,14.656595932785422,6889.569183953875
526,10,18,18,18,,turn,False,1.3526619542149756,6890.92184590809
527,10,18,18,18,459.0,spray,True,14.774880483397283,6905.696726391488
528,10,18,18,18,,turn,False,1.4178101711044162,6907.114536562592
529,10,18,18,18,460.0,spray,True,15.060613798792474,6922.175150361384
530,10,18,18,18,,turn,False,1.4151079176577224,6923.590258279042
531,10,18,18,18,461.0,spray,True,15.286335640237667,6938.87659391928
532,10,18,18,18,,turn,False,1.4983418453776325,6940.3749357646575
533,10,18,18,18,462.0,spray,True,15.51205748168286,6955.88699324634
534,10,18,18,18,,turn,False,1.4151079186334592,6957.3021011649735
535,10,18,18,18,463.0,spray,True,15.737779323360883,6973.039880488334
536,10,18,18,18,,turn,False,1.4621768428462891,6974.50205733118
537,10,18,18,18,464.0,spray,True,14.75182014942402,6989.253877480604
538,10,18,18,18,,turn,False,1.4151079186334592,6990.6689853992375
539,10,18,18,18,465.0,spray,True,13.699050918687135,7004.368036317925
540,10,18,18,18,,turn,False,1.4891184225128768,7005.857154740437
541,10,18,18,18,466.0,spray,True,12.646281688648742,7018.503436429086
542,10,18,18,18,,turn,False,1.646062708593104,7020.149499137679
543,10,18,18,18,467.0,spray,True,10.380320737604052,7030.5298198752835
544,10,18,18,18,,turn,False,6.744604975459024,7037.274424850742
545,10,18,18,18,468.0,spray,True,1.264978012535721,7038.539402863278
546,11,14,18,14,,transit,False,179.08006533602423,7217.619468199302
547,11,14,14,14,342.0,spray,True,4.411249925731681,7222.030718125034
548,11,14,14,14,,turn,False,2.6132817356564506,7224.64399986069
549,11,14,14,14,343.0,spray,True,18.349216476199217,7242.993216336889
550,11,14,14,14,,turn,False,3.1266634884497364,7246.119879825339
551,11,14,14,14,344.0,spray,True,23.406990761694033,7269.526870587033
552,11,14,14,14,,turn,False,2.6132817356564506,7272.14015232269
553,11,14,14,14,345.0,spray,True,26.820191773411352,7298.960344096101
554,11,14,14,14,,turn,False,1.6466751690290502,7300.60701926513
555,11,14,14,14,346.0,spray,True,30.00065537984483,7330.607674644974
556,11,14,14,14,,turn,False,2.6132817356066114,7333.220956380581
557,11,14,14,14,347.0,spray,True,33.18111898412462,7366.4020753647055
558,11,14,14,14,,turn,False,1.646675167898893,7368.048750532605
559,11,14,14,14,348.0,spray,True,36.36158258834621,7404.410333120951
560,11,14,14,14,,turn,False,2.371323741391098,7406.781656862342
561,11,14,14,14,349.0,spray,True,38.646249701909255,7445.427906564251
562,11,14,14,14,,turn,False,1.349999999627471,7446.777906563879
563,11,14,14,14,350.0,spray,True,39.30252166977152,7486.08042823365
564,11,14,14,14,,turn,False,1.5010639219972466,7487.5814921556475
565,11,14,14,14,351.0,spray,True,39.88526921358425,7527.466761369232
566,11,14,14,14,,turn,False,1.456727285595674,7528.923488654827
567,11,14,14,14,352.0,spray,True,39.99422556348145,7568.917714218309
568,11,14,14,14,,turn,False,1.5010639209560612,7570.418778139265
569,11,14,14,14,353.0,spray,True,40.103181913436856,7610.521960052702
570,11,14,14,14,,turn,False,1.4567272865899805,7611.978687339291
571,11,14,14,14,354.0,spray,True,40.82272048195591,7652.801407821247
572,11,14,14,14,,turn,False,2.4879202635113273,7655.289328084758
573,11,14,14,14,355.0,spray,True,42.36520084418589,7697.654528928944
574,11,14,14,14,,turn,False,1.45672728661185,7699.111256215556
575,11,14,14,14,356.0,spray,True,43.90768120746361,7743.018937423019
576,11,14,14,14,,turn,False,2.4879202635602207,7745.50685768658
577,11,14,14,14,357.0,spray,True,45.4501615697518,7790.9570192563315
578,11,14,14,14,,turn,False,1.456727285595674,7792.413746541927
579,11,14,14,14,358.0,spray,True,46.99264193198178,7839.406388473909
580,11,14,14,14,,turn,False,1.9765307718472047,7841.382919245756
581,11,14,14,14,359.0,spray,True,47.88899313489674,7889.271912380653
582,11,14,14,14,,turn,False,1.456727285595674,7890.7286396662485
583,11,14,14,14,360.0,spray,True,48.36109939578455,7939.089739062033
584,11,14,14,14,,turn,False,1.6916621914604575,7940.781401253494
585,11,14,14,14,361.0,spray,True,48.57759695959976,7989.358998213093
586,11,14,14,14,,turn,False,1.848009979026103,7991.207008192119
587,11,14,14,14,362.0,spray,True,47.90883952885633,8039.115847720976
588,11,14,14,14,,turn,False,1.3575053915021817,8040.4733531124775
589,11,14,14,14,363.0,spray,True,46.50428940798156,8086.977642520459
590,11,14,14,14,,turn,False,1.8480099803026953,8088.825652500762
591,11,14,14,14,364.0,spray,True,45.09973928617546,8133.925391786937
592,11,14,14,14,,turn,False,1.357505391508294,8135.282897178446
593,11,14,14,14,365.0,spray,True,43.69518916530069,8178.978086343746
594,11,14,14,14,,turn,False,1.8480099803424452,8180.826096324089
595,11,14,14,14,366.0,spray,True,42.290639043436386,8223.116735367526
596,11,14,14,14,,turn,False,1.3575053915021817,8224.47424075903
597,11,14,14,14,367.0,spray,True,40.22466533834813,8264.698906097377
598,11,14,14,14,,turn,False,3.865476546394404,8268.564382643772
599,11,14,14,14,368.0,spray,True,36.46004151913803,8305.02442416291
600,11,14,14,14,,turn,False,1.3575053924405798,8306.381929555351
601,11,14,14,14,369.0,spray,True,32.695417697425,8339.077347252776
602,11,14,14,14,,turn,False,2.7139170120010365,8341.791264264777
603,11,14,14,14,370.0,spray,True,30.198541481338907,8371.989805746116
604,11,14,14,14,,turn,False,1.3575053924466922,8373.347311138563
605,11,14,14,14,371.0,spray,True,28.650841048453003,8401.998152187016
606,11,14,14,14,,turn,False,1.9485748446795397,8403.946727031695
607,11,14,14,14,372.0,spray,True,27.103140616731253,8431.049867648426
608,11,14,14,14,,turn,False,2.1170438089332335,8433.16691145736
609,11,14,14,14,373.0,spray,True,10.801128961029463,8443.96804041839
610,11,14,14,14,,turn,False,6.176332075030596,8450.14437249342
611,11,14,14,14,374.0,spray,True,2.5966492512379773,8452.741021744658
612,12,7,14,7,,transit,False,298.2376941057162,8750.978715850373
613,12,7,7,7,109.0,spray,True,4.108815589395817,8755.087531439769
614,12,7,7,7,,turn,False,2.5372886594444446,8757.624820099214
615,12,7,7,7,110.0,spray,True,8.508451628440525,8766.133271727655
616,12,7,7,7,,turn,False,2.032057084602374,8768.165328812256
617,12,7,7,7,111.0,spray,True,12.175585252640303,8780.340914064896
618,12,7,7,7,,turn,False,2.53728865939516,8782.878202724292
619,12,7,7,7,112.0,spray,True,15.489589548436925,8798.36779227273
620,12,7,7,7,,turn,False,1.4285975995872593,8799.796389872317
621,12,7,7,7,113.0,spray,True,18.10524566762615,8817.901635539944
622,12,7,7,7,,turn,False,2.53728865939516,8820.43892419934
623,12,7,7,7,114.0,spray,True,20.720901784894522,8841.159825984234
624,12,7,7,7,,turn,False,1.4285975986119712,8842.588423582845
625,12,7,7,7,115.0,spray,True,23.33655790227931,8865.924981485125
626,12,7,7,7,,turn,False,2.537288661221369,8868.462270146347
627,12,7,7,7,116.0,spray,True,25.952214021468535,8894.414484167815
628,12,7,7,7,,turn,False,1.6997414191607805,8896.114225586976
629,12,7,7,7,117.0,spray,True,28.310658695118036,8924.424884282094
630,12,7,7,7,,turn,False,1.4564011040750027,8925.88128538617
631,12,7,7,7,118.0,spray,True,32.409856063721236,8958.29114144989
632,12,7,7,7,,turn,False,25.706856607459486,8983.99799805735
633,12,7,7,7,119.0,spray,True,2.1317247831611894,8986.129722840511
634,12,7,7,7,,turn,False,3.957502556642484,8990.087225397154
635,12,7,7,7,120.0,spray,True,7.589838519983459,8997.677063917137
636,12,7,7,7,,turn,False,22.129293237056118,9019.806357154193
637,12,7,7,7,121.0,spray,True,34.795877085998654,9054.602234240192
638,12,7,7,7,,turn,False,1.3520276911370293,9055.954261931329
639,12,7,7,7,122.0,spray,True,36.57685022300575,9092.531112154335
640,12,7,7,7,,turn,False,18.684350336377975,9111.215462490713
641,12,7,7,7,123.0,spray,True,13.04795225680573,9124.263414747518
642,12,7,7,7,,turn,False,2.689227451386349,9126.952642198905
643,12,7,7,7,124.0,spray,True,17.111762675456703,9144.064404874362
644,12,7,7,7,,turn,False,15.239407433371525,9159.303812307733
645,12,7,7,7,125.0,spray,True,38.191052717273124,9197.494865025006
646,12,7,7,7,,turn,False,1.3531824649352515,9198.84804748994
647,12,7,7,7,126.0,spray,True,39.80525521049276,9238.653302700433
648,12,7,7,7,,turn,False,11.794464532693382,9250.447767233127
649,12,7,7,7,127.0,spray,True,19.23358826438198,9269.681355497509
650,12,7,7,7,,turn,False,1.4035064540731903,9271.084861951582
651,12,7,7,7,128.0,spray,True,21.355413854762446,9292.440275806344
652,12,7,7,7,,turn,False,8.349521629686933,9300.789797436031
653,12,7,7,7,129.0,spray,True,41.419457704760134,9342.209255140791
654,12,7,7,7,,turn,False,1.3531824649352515,9343.562437605726
655,12,7,7,7,130.0,spray,True,71.41547837067628,9414.977915976402
656,12,7,7,7,,turn,False,1.4035064530977788,9416.3814224295
657,12,7,7,7,131.0,spray,True,71.70656355208484,9488.087985981585
658,12,7,7,7,,turn,False,1.3531824658683733,9489.441168447453
659,12,7,7,7,132.0,spray,True,71.99764873378444,9561.438817181237
660,12,7,7,7,,turn,False,1.4035064530977788,9562.842323634335
661,12,7,7,7,133.0,spray,True,72.288733915193,9635.131057549528
662,12,7,7,7,,turn,False,1.350078101873757,9636.481135651402
663,12,7,7,7,134.0,spray,True,72.43271270615514,9708.913848357557
664,12,7,7,7,,turn,False,1.3510176877764262,9710.264866045334
665,12,7,7,7,135.0,spray,True,73.308339932526,9783.57320597786
666,12,7,7,7,,turn,False,1.5811879770284285,9785.154393954888
667,12,7,7,7,136.0,spray,True,74.18396715895506,9859.338361113843
668,12,7,7,7,,turn,False,1.351017688709306,9860.689378802552
669,12,7,7,7,137.0,spray,True,75.53583733609412,9936.225216138646
670,12,7,7,7,,turn,False,2.48509650762643,9938.710312646272
671,12,7,7,7,138.0,spray,True,77.67469975241693,10016.385012398689
672,12,7,7,7,,turn,False,1.351017688709306,10017.736030087397
673,12,7,7,7,139.0,spray,True,79.81356217019493,10097.549592257592
674,12,7,7,7,,turn,False,1.6838068815180312,10099.23339913911
675,12,7,7,7,140.0,spray,True,80.87232386536198,10180.105723004472
676,12,7,7,7,,turn,False,1.8445871696988683,10181.95031017417
677,12,7,7,7,141.0,spray,True,79.40574657235993,10261.35605674653
678,12,7,7,7,,turn,False,1.3661736744272963,10262.722230420957
679,12,7,7,7,142.0,spray,True,77.75363647477934,10340.475866895737
680,12,7,7,7,,turn,False,1.9756889312420451,10342.451555826978
681,12,7,7,7,143.0,spray,True,76.1015263783047,10418.553082205282
682,12,7,7,7,,turn,False,1.3661736744272963,10419.91925587971
683,12,7,7,7,144.0,spray,True,74.44941628072411,10494.368672160434
684,12,7,7,7,,turn,False,11.914448733977014,10506.28312089441
685,12,7,7,7,145.0,spray,True,10.207211510743946,10516.490332405154
686,12,7,7,7,,turn,False,2.794823453121353,10519.285155858275
687,12,7,7,7,146.0,spray,True,49.4000663649058,10568.685222223181
688,12,7,7,7,,turn,False,1.3661736734802092,10570.05139589666
689,12,7,7,7,147.0,spray,True,47.513141434057616,10617.564537330718
690,12,7,7,7,,turn,False,1.9672889893613705,10619.531826320079
691,12,7,7,7,148.0,spray,True,45.87255761795677,10665.404383938036
692,12,7,7,7,,turn,False,1.3661736734802092,10666.770557611515
693,12,7,7,7,149.0,spray,True,12.864159009885043,10679.6347166214
694,12,7,7,7,,turn,False,4.195154346176423,10683.829870967576
695,12,7,7,7,150.0,spray,True,28.13406726892572,10711.963938236502
696,12,7,7,7,,turn,False,1.4293376987941149,10713.393275935296
697,12,7,7,7,151.0,spray,True,23.246156613284256,10736.63943254858
698,12,7,7,7,,turn,False,10.88604329712689,10747.525475845707
699,12,7,7,7,152.0,spray,True,10.38200372114079,10757.907479566848
700,12,7,7,7,,turn,False,1.3661736734802092,10759.273653240327
701,12,7,7,7,153.0,spray,True,9.846534687036183,10769.120187927363
702,12,7,7,7,,turn,False,14.803049280133564,10783.923237207497
703,12,7,7,7,154.0,spray,True,19.185442671412602,10803.10867987891
704,12,7,7,7,,turn,False,1.4293376978188719,10804.538017576728
705,12,7,7,7,155.0,spray,True,16.223470614058897,10820.761488190787
706,12,7,7,7,,turn,False,17.62131337862229,10838.382801569409
707,12,7,7,7,156.0,spray,True,9.311065652931575,10847.69386722234
708,12,7,7,7,,turn,False,1.3661736744272963,10849.060040896768
709,12,7,7,7,157.0,spray,True,8.77559661847772,10857.835637515245
710,12,7,7,7,,turn,False,20.43957747897366,10878.275214994219
711,12,7,7,7,158.0,spray,True,11.270020589756314,10889.545235583975
712,12,7,7,7,,turn,False,3.80059681199123,10893.345832395966
713,12,7,7,7,159.0,spray,True,5.224878966517281,10898.570711362483
714,12,7,7,7,,turn,False,23.257841577462386,10921.828552939945
715,12,7,7,7,160.0,spray,True,8.240127584373113,10930.068680524319
716,12,7,7,7,,turn,False,1.3671122696906253,10931.43579279401
717,12,7,7,7,161.0,spray,True,7.698625396529678,10939.134418190539
718,12,7,7,7,,turn,False,1.7010693496457372,10940.835487540184
719,12,7,7,7,162.0,spray,True,4.765166892029811,10945.600654432214
720,13,6,7,6,,transit,False,63.22284806847334,11008.823502500687
721,13,6,6,6,94.0,spray,True,1.6370385195477866,11010.460541020235
722,13,6,6,6,,turn,False,3.770085505211678,11014.230626525446
723,13,6,6,6,95.0,spray,True,7.564942654629704,11021.795569180076
724,13,6,6,6,,turn,False,2.760445855170109,11024.556015035247
725,13,6,6,6,96.0,spray,True,11.281260552990716,11035.837275588237
726,13,6,6,6,,turn,False,1.8800761209289256,11037.717351709167
727,13,6,6,6,97.0,spray,True,14.997578448732384,11052.7149301579
728,13,6,6,6,,turn,False,2.760445855170109,11055.47537601307
729,13,6,6,6,98.0,spray,True,18.713896347093396,11074.189272360163
730,13,6,6,6,,turn,False,1.4788005582959378,11075.668072918459
731,13,6,6,6,99.0,spray,True,21.725323924038094,11097.393396842497
732,13,6,6,6,,turn,False,2.760445853242259,11100.15384269574
733,13,6,6,6,100.0,spray,True,24.133136481046677,11124.286979176786
734,13,6,6,6,,turn,False,1.3500000005587935,11125.636979177345
735,13,6,6,6,101.0,spray,True,25.004233393236063,11150.641212570581
736,13,6,6,6,,turn,False,1.3616369153818102,11152.002849485963
737,13,6,6,6,102.0,spray,True,24.41785337444162,11176.420702860405
738,13,6,6,6,,turn,False,2.8688247665000506,11179.289527626905
739,13,6,6,6,103.0,spray,True,21.91663863149006,11201.206166258395
740,13,6,6,6,,turn,False,1.4971552725159913,11202.703321530911
741,13,6,6,6,104.0,spray,True,18.738021957629826,11221.441343488541
742,13,6,6,6,,turn,False,2.8688247644696303,11224.31016825301
743,13,6,6,6,105.0,spray,True,15.5594052838278,11239.869573536838
744,13,6,6,6,,turn,False,1.4971552735319333,11241.36672881037
745,13,6,6,6,106.0,spray,True,12.380788607755676,11253.747517418125
746,13,6,6,6,,turn,False,2.8688247644696303,11256.616342182595
747,13,6,6,6,107.0,spray,True,9.20217193395365,11265.818514116549
748,13,6,6,6,,turn,False,1.8533461674500562,11267.671860284
749,13,6,6,6,108.0,spray,True,5.401037209085189,11273.072897493084
750,14,1,6,1,,transit,False,222.8275684987439,11495.900465991828
751,14,1,1,1,1.0,spray,True,5.494571650633588,11501.395037642462
752,14,1,1,1,,turn,False,2.170769839675184,11503.565807482137
753,14,1,1,1,2.0,spray,True,9.025378881546203,11512.591186363683
754,14,1,1,1,,turn,False,2.274782036257897,11514.865968399941
755,14,1,1,1,3.0,spray,True,11.53128468268551,11526.397253082627
756,14,1,1,1,,turn,False,1.3527185868131548,11527.74997166944
757,14,1,1,1,4.0,spray,True,13.447885889967438,11541.197857559408
758,14,1,1,1,,turn,False,2.274782036257897,11543.472639595666
759,14,1,1,1,5.0,spray,True,14.971940642455593,11558.444580238121
760,14,1,1,1,,turn,False,1.3844290152356362,11559.829009253357
761,14,1,1,1,6.0,spray,True,15.982497756020166,11575.811507009377
762,14,1,1,1,,turn,False,1.350881611417931,11577.162388620794
763,14,1,1,1,7.0,spray,True,14.985267369949725,11592.147655990744
764,14,1,1,1,,turn,False,1.925196710069956,11594.072852700814
765,14,1,1,1,8.0,spray,True,13.661518239183351,11607.734370939997
766,14,1,1,1,,turn,False,1.3508816114158282,11609.085252551413
767,14,1,1,1,9.0,spray,True,12.337769109406509,11621.42302166082
768,14,1,1,1,,turn,False,1.925196710069956,11623.34821837089
769,14,1,1,1,10.0,spray,True,11.014019978640135,11634.36223834953
770,14,1,1,1,,turn,False,1.3508816114158282,11635.713119960945
771,14,1,1,1,11.0,spray,True,8.904415262222756,11644.617535223168
772,14,1,1,1,,turn,False,2.7963735743358975,11647.413908797504
773,14,1,1,1,12.0,spray,True,4.890495038591325,11652.304403836095
774,15,2,1,2,,transit,False,75.82789524706173,11728.132299083156
775,15,2,2,2,37.0,spray,True,2.131512725376524,11730.263811808532
776,15,2,2,2,,turn,False,2.738199211620428,11733.002011020153
777,15,2,2,2,36.0,spray,True,7.157626381551381,11740.159637401704
778,15,2,2,2,,turn,False,1.7832776600474314,11741.942915061753
779,15,2,2,2,35.0,spray,True,8.857931443373673,11750.800846505126
780,15,2,2,2,,turn,False,1.4522013590917293,11752.253047864218
781,15,2,2,2,34.0,spray,True,10.263113615917973,11762.516161480136
782,15,2,2,2,,turn,False,1.606066833547337,11764.122228313683
783,15,2,2,2,33.0,spray,True,11.668295787530951,11775.790524101214
784,15,2,2,2,,turn,False,1.452201358097249,11777.242725459311
785,15,2,2,2,32.0,spray,True,13.874217839562334,11791.116943298874
786,15,2,2,2,,turn,False,2.2500482053606463,11793.366991504234
787,15,2,2,2,31.0,spray,True,16.20943114446709,11809.5764226487
788,15,2,2,2,,turn,False,1.452201358097249,11811.028624006798
789,15,2,2,2,30.0,spray,True,18.54464444774203,11829.57326845454
790,15,2,2,2,,turn,False,3.085645251617953,11832.658913706158
791,15,2,2,2,29.0,spray,True,21.85445182066178,11854.51336552682
792,15,2,2,2,,turn,False,1.393545839728514,11855.906911366548
793,15,2,2,2,28.0,spray,True,24.72098397143418,11880.627895337982
794,15,2,2,2,,turn,False,1.8122239139080987,11882.44011925189
795,15,2,2,2,27.0,spray,True,25.205558939022012,11907.645678190913
796,15,2,2,2,,turn,False,1.5320823605593077,11909.177760551473
797,15,2,2,2,26.0,spray,True,25.106775144289713,11934.284535695762
798,15,2,2,2,,turn,False,1.5160519977585623,11935.80058769352
799,15,2,2,2,25.0,spray,True,23.842106690921355,11959.642694384442
800,15,2,2,2,,turn,False,2.384761409489704,11962.027455793932
801,15,2,2,2,24.0,spray,True,23.474264087737538,11985.50171988167
802,15,2,2,2,,turn,False,2.0919236382555297,11987.593643519926
803,15,2,2,2,23.0,spray,True,23.10642148484476,12010.70006500477
804,15,2,2,2,,turn,False,2.0879061916285684,12012.7879711964
805,15,2,2,2,22.0,spray,True,23.11168425285723,12035.899655449257
806,15,2,2,2,,turn,False,1.3507121304624023,12037.25036757972
807,15,2,2,2,21.0,spray,True,22.756280398461968,12060.006647978182
808,15,2,2,2,,turn,False,1.3854828436241924,12061.392130821805
809,15,2,2,2,20.0,spray,True,22.062643246666994,12083.454774068472
810,15,2,2,2,,turn,False,1.4030293800852225,12084.857803448558
811,15,2,2,2,19.0,spray,True,21.36900609440636,12106.226809542964
812,15,2,2,2,,turn,False,1.3854828436241924,12107.612292386588
813,15,2,2,2,18.0,spray,True,20.127491335792,12127.73978372238
814,15,2,2,2,,turn,False,2.456315514604265,12130.196099236984
815,15,2,2,2,17.0,spray,True,17.763873755640816,12147.959972992625
816,15,2,2,2,,turn,False,1.3854828445709302,12149.345455837196
817,15,2,2,2,16.0,spray,True,11.856067437387537,12161.201523274583
818,15,2,2,2,,turn,False,3.525034028440798,12164.726557303024
819,15,2,2,2,15.0,spray,True,8.288237708155066,12173.014795011179
820,15,2,2,2,,turn,False,1.3854828445709302,12174.40027785575
821,15,2,2,2,14.0,spray,True,6.569194894400425,12180.96947275015
822,15,2,2,2,,turn,False,1.9502664280568731,12182.919739178207
823,15,2,2,2,13.0,spray,True,2.357624593831133,12185.277363772038
824,16,3,2,3,,transit,False,43.96613372017964,12229.243497492218
825,16,3,3,3,55.0,spray,True,1.2602207313175313,12230.503718223536
826,16,3,3,3,,turn,False,4.8709718099610875,12235.374690033497
827,16,3,3,3,54.0,spray,True,8.178610209084582,12243.553300242582
828,16,3,3,3,,turn,False,2.613845088931431,12246.167145331514
829,16,3,3,3,53.0,spray,True,14.171278450405225,12260.33842378192
830,16,3,3,3,,turn,False,1.3513628671940172,12261.689786649113
831,16,3,3,3,52.0,spray,True,16.470187455241103,12278.159974104354
832,16,3,3,3,,turn,False,2.613845087154499,12280.773819191509
833,16,3,3,3,51.0,spray,True,18.769096460018773,12299.542915651527
834,16,3,3,3,,turn,False,1.3513628681244005,12300.894278519652
835,16,3,3,3,50.0,spray,True,21.870343582180794,12322.764622101833
836,16,3,3,3,,turn,False,4.914873791867736,12327.6794958937
837,16,3,3,3,49.0,spray,True,26.656851378967986,12354.336347272669
838,16,3,3,3,,turn,False,1.3513628681244005,12355.687710140794
839,16,3,3,3,48.0,spray,True,27.211910313693807,12382.899620454487
840,16,3,3,3,,turn,False,1.4376767016520013,12384.33729715614
841,16,3,3,3,47.0,spray,True,28.074582383793313,12412.411879539934
842,16,3,3,3,,turn,False,1.6910797968316575,12414.102959336766
843,16,3,3,3,46.0,spray,True,29.58742027374683,12443.690379610513
844,16,3,3,3,,turn,False,1.4376767026466246,12445.128056313159
845,16,3,3,3,45.0,spray,True,31.100258164689876,12476.228314477848
846,16,3,3,3,,turn,False,1.6910797967966018,12477.919394274644
847,16,3,3,3,44.0,spray,True,31.46886657504365,12509.388260849688
848,16,3,3,3,,turn,False,1.800415614216519,12511.188676463904
849,16,3,3,3,43.0,spray,True,30.567770814115647,12541.75644727802
850,16,3,3,3,,turn,False,1.38119751657418,12543.137644794593
851,16,3,3,3,42.0,spray,True,27.0910137812607,12570.228658575854
852,16,3,3,3,,turn,False,5.952364315029534,12576.181022890883
853,16,3,3,3,41.0,spray,True,20.839645066007506,12597.020667956891
854,16,3,3,3,,turn,False,2.205988808137092,12599.226656765028
855,16,3,3,3,40.0,spray,True,13.891220456454903,12613.117877221483
856,16,3,3,3,,turn,False,2.9479556437699785,12616.065832865252
857,16,3,3,3,39.0,spray,True,9.525870713114273,12625.591703578366
858,16,3,3,3,,turn,False,2.205988808183127,12627.79769238655
859,16,3,3,3,38.0,spray,True,5.160520966746844,12632.958213353297
860,17,4,3,4,,transit,False,32.278219357068245,12665.236432710364
861,17,4,4,4,75.0,spray,True,2.7297612646361813,12667.966193975
862,17,4,4,4,,turn,False,4.896686879067585,12672.862880854067
863,17,4,4,4,74.0,spray,True,12.595776849833783,12685.4586577039
864,17,4,4,4,,turn,False,3.3609596377013347,12688.819617341602
865,17,4,4,4,73.0,spray,True,20.38060436717933,12709.200221708781
866,17,4,4,4,,turn,False,2.0261404795830558,12711.226362188365
867,17,4,4,4,72.0,spray,True,22.17706650396576,12733.40342869233
868,17,4,4,4,,turn,False,1.3798766749646858,12734.783305367295
869,17,4,4,4,71.0,spray,True,23.330539180722553,12758.113844548017
870,17,4,4,4,,turn,False,1.356200719091485,12759.47004526711
871,17,4,4,4,70.0,spray,True,23.7456648137304,12783.21571008084
872,17,4,4,4,,turn,False,1.3798766759119845,12784.595586756752
873,17,4,4,4,69.0,spray,True,24.147921868774574,12808.743508625526
874,17,4,4,4,,turn,False,1.3550321108264003,12810.098540736353
875,17,4,4,4,68.0,spray,True,24.55017892352771,12834.648719659881
876,17,4,4,4,,turn,False,1.3798766759119845,12836.028596335793
877,17,4,4,4,67.0,spray,True,24.952435978571884,12860.981032314365
878,17,4,4,4,,turn,False,1.3550321108264003,12862.336064425192
879,17,4,4,4,66.0,spray,True,24.692197825352196,12887.028262250544
880,17,4,4,4,,turn,False,1.62468873682978,12888.652950987374
881,17,4,4,4,65.0,spray,True,23.611733238620218,12912.264684225995
882,17,4,4,4,,turn,False,1.393921171729554,12913.658605397724
883,17,4,4,4,64.0,spray,True,22.360635458491743,12936.019240856216
884,17,4,4,4,,turn,False,1.62468873682978,12937.643929593047
885,17,4,4,4,63.0,spray,True,20.813007126329467,12958.456936719376
886,17,4,4,4,,turn,False,1.8559706653452595,12960.312907384721
887,17,4,4,4,62.0,spray,True,18.635436284646858,12978.948343669368
888,17,4,4,4,,turn,False,1.62468873682978,12980.573032406199
889,17,4,4,4,61.0,spray,True,16.457865444477648,12997.030897850676
890,17,4,4,4,,turn,False,1.8559706640686722,12998.886868514744
891,17,4,4,4,60.0,spray,True,14.280294604308438,13013.167163119053
892,17,4,4,4,,turn,False,1.6246887379598831,13014.791851857013
893,17,4,4,4,59.0,spray,True,12.10272376256762,13026.89457561958
894,17,4,4,4,,turn,False,1.8559706640686722,13028.750546283649
895,17,4,4,4,58.0,spray,True,8.941251603886485,13037.691797887535
896,17,4,4,4,,turn,False,2.3541743301530365,13040.04597221769
897,17,4,4,4,57.0,spray,True,5.7389880762202665,13045.78496029391
898,17,4,4,4,,turn,False,2.5438907044973464,13048.328850998407
899,17,4,4,4,56.0,spray,True,1.6542259525158443,13049.983076950923
900,18,5,4,5,,transit,False,160.10002068949152,13210.083097640414
901,18,5,5,5,93.0,spray,True,5.641887010890059,13215.724984651304
902,18,5,5,5,,turn,False,1.5919992864961434,13217.3169839378
903,18,5,5,5,92.0,spray,True,7.482621705101337,13224.799605642902
904,18,5,5,5,,turn,False,1.6782199377282099,13226.47782558063
905,18,5,5,5,91.0,spray,True,9.323356398090255,13235.80118197872
906,18,5,5,5,,turn,False,1.4772533049583836,13237.278435283679
907,18,5,5,5,90.0,spray,True,10.920127257937565,13248.198562541616
908,18,5,5,5,,turn,False,1.884399586940168,13250.082962128557
909,18,5,5,5,89.0,spray,True,11.731088830623776,13261.814050959181
910,18,5,5,5,,turn,False,1.4409240970945085,13263.254975056276
911,18,5,5,5,88.0,spray,True,17.69824688520748,13280.953221941483
912,18,5,5,5,,turn,False,5.759238342106278,13286.71246028359
913,18,5,5,5,87.0,spray,True,22.79327767837094,13309.505737961961
914,18,5,5,5,,turn,False,1.4409240970945085,13310.946662059056
915,18,5,5,5,86.0,spray,True,22.63365863915533,13333.580320698211
916,18,5,5,5,,turn,False,1.3931708014867454,13334.973491499697
917,18,5,5,5,85.0,spray,True,22.84452982986113,13357.818021329558
918,18,5,5,5,,turn,False,1.3500636285427523,13359.1680849581
919,18,5,5,5,84.0,spray,True,23.17555176152382,13382.343636719625
920,18,5,5,5,,turn,False,1.3723219997135885,13383.715958719338
921,18,5,5,5,83.0,spray,True,22.91593352914788,13406.631892248486
922,18,5,5,5,,turn,False,1.3500636285433174,13407.981955877029
923,18,5,5,5,82.0,spray,True,22.48321765352739,13430.465173530556
924,18,5,5,5,,turn,False,1.4137083893313127,13431.878881919887
925,18,5,5,5,81.0,spray,True,22.050501778314356,13453.929383698201
926,18,5,5,5,,turn,False,1.3500636276114737,13455.279447325813
927,18,5,5,5,80.0,spray,True,21.617785903043114,13476.897233228856
928,18,5,5,5,,turn,False,1.4137083903070495,13478.310941619164
929,18,5,5,5,79.0,spray,True,21.185070027480833,13499.496011646645
930,18,5,5,5,,turn,False,3.3649011293204873,13502.860912775965
931,18,5,5,5,78.0,spray,True,15.201696012576576,13518.062608788541
932,18,5,5,5,,turn,False,3.494846287981387,13521.557455076523
933,18,5,5,5,77.0,spray,True,8.738010257075075,13530.295465333598
934,18,5,5,5,,turn,False,3.5101001156429574,13533.805565449242
935,18,5,5,5,76.0,spray,True,2.2743245060555637,13536.079889955297
