mission_waypoint_id,arrived_from_segment_id,next_segment_id,visit_order,polygon_id,segment_type_to_next,spray_on_to_next,longitude,latitude
1,,1.0000000000,1,9,spray,True,12.3114713645,54.1759777231
2,1.0000000000,2.0000000000,1,9,turn,False,12.3115725248,54.1759799826
3,2.0000000000,3.0000000000,1,9,spray,True,12.3115805189,54.1759922987
4,3.0000000000,4.0000000000,1,9,turn,False,12.3114474663,54.1759893268
5,4.0000000000,5.0000000000,1,9,spray,True,12.3114235681,54.1760009306
6,5.0000000000,6.0000000000,1,9,turn,False,12.3115885129,54.1760046148
7,6.0000000000,7.0000000000,1,9,spray,True,12.3120697612,54.1760153627
8,7.0000000000,8.0000000000,1,9,turn,False,12.3121577037,54.1760173266
9,8.0000000000,9.0000000000,1,9,spray,True,12.3121725757,54.1760297962
10,9.0000000000,10.0000000000,1,9,turn,False,12.3120503399,54.1760270665
11,10.0000000000,11.0000000000,1,9,spray,True,12.3115965070,54.1760169309
12,11.0000000000,12.0000000000,1,9,turn,False,12.3113996699,54.1760125343
13,12.0000000000,13.0000000000,1,9,spray,True,12.3113842997,54.1760243285
14,13.0000000000,14.0000000000,1,9,turn,False,12.3116045011,54.1760292470
15,14.0000000000,15.0000000000,1,9,spray,True,12.3120309186,54.1760387704
16,15.0000000000,16.0000000000,1,9,turn,False,12.3121874477,54.1760422658
17,16.0000000000,17.0000000000,1,9,spray,True,12.3122023197,54.1760547355
18,17.0000000000,18.0000000000,1,9,turn,False,12.3119902111,54.1760499988
19,18.0000000000,19.0000000000,1,9,spray,True,12.3116124952,54.1760415630
20,19.0000000000,20.0000000000,1,9,turn,False,12.3113909786,54.1760366152
21,20.0000000000,21.0000000000,1,9,spray,True,12.3113976575,54.1760489019
22,21.0000000000,22.0000000000,1,9,turn,False,12.3116508523,54.1760545573
23,22.0000000000,23.0000000000,1,9,spray,True,12.3119396866,54.1760610080
24,23.0000000000,24.0000000000,1,9,turn,False,12.3122171917,54.1760672051
25,24.0000000000,25.0000000000,1,9,spray,True,12.3122320637,54.1760796747
26,25.0000000000,26.0000000000,1,9,turn,False,12.3118258805,54.1760706039
27,26.0000000000,27.0000000000,1,9,spray,True,12.3116928983,54.1760676339
28,27.0000000000,28.0000000000,1,9,turn,False,12.3114043363,54.1760611887
29,28.0000000000,29.0000000000,1,9,spray,True,12.3114110152,54.1760734754
30,29.0000000000,30.0000000000,1,9,turn,False,12.3122394903,54.1760919781
31,30.0000000000,31.0000000000,1,9,spray,True,12.3122398646,54.1761041240
32,31.0000000000,32.0000000000,1,9,turn,False,12.3114176941,54.1760857621
33,32.0000000000,33.0000000000,1,9,spray,True,12.3114243730,54.1760980488
34,33.0000000000,34.0000000000,1,9,turn,False,12.3122402389,54.1761162699
35,34.0000000000,35.0000000000,1,9,spray,True,12.3122406133,54.1761284158
36,35.0000000000,36.0000000000,1,9,turn,False,12.3114310519,54.1761103355
37,36.0000000000,37.0000000000,1,9,spray,True,12.3114278112,54.1761224007
38,37.0000000000,38.0000000000,1,9,turn,False,12.3122409876,54.1761405617
39,38.0000000000,39.0000000000,1,9,spray,True,12.3122413619,54.1761527076
40,39.0000000000,40.0000000000,1,9,turn,False,12.3114107545,54.1761341572
41,40.0000000000,41.0000000000,1,9,spray,True,12.3113936978,54.1761459138
42,41.0000000000,42.0000000000,1,9,turn,False,12.3122383931,54.1761647788
43,42.0000000000,43.0000000000,1,9,spray,True,12.3122334971,54.1761768070
44,43.0000000000,44.0000000000,1,9,turn,False,12.3113766411,54.1761576703
45,44.0000000000,45.0000000000,1,9,spray,True,12.3113595843,54.1761694269
46,45.0000000000,46.0000000000,1,9,turn,False,12.3122286011,54.1761888352
47,46.0000000000,47.0000000000,1,9,spray,True,12.3122237052,54.1762008634
48,47.0000000000,48.0000000000,1,9,turn,False,12.3113411847,54.1761811534
49,48.0000000000,49.0000000000,1,9,spray,True,12.3113140485,54.1761926848
50,49.0000000000,50.0000000000,1,9,turn,False,12.3122188092,54.1762128916
51,50.0000000000,51.0000000000,1,9,spray,True,12.3122139132,54.1762249198
52,51.0000000000,52.0000000000,1,9,turn,False,12.3112869123,54.1762042161
53,52.0000000000,53.0000000000,1,9,spray,True,12.3112597761,54.1762157475
54,53.0000000000,54.0000000000,1,9,turn,False,12.3122090172,54.1762369480
55,54.0000000000,55.0000000000,1,9,spray,True,12.3122041213,54.1762489762
56,55.0000000000,56.0000000000,1,9,turn,False,12.3112326398,54.1762272789
57,56.0000000000,57.0000000000,1,9,spray,True,12.3110133055,54.1762223791
58,57.0000000000,58.0000000000,1,9,turn,False,12.3109934834,54.1762219363
59,58.0000000000,59.0000000000,1,9,spray,True,12.3109553110,54.1762332210
60,59.0000000000,60.0000000000,1,9,turn,False,12.3121992253,54.1762610044
61,60.0000000000,61.0000000000,1,9,spray,True,12.3121943293,54.1762730326
62,61.0000000000,62.0000000000,1,9,turn,False,12.3109432774,54.1762450897
63,62.0000000000,63.0000000000,1,9,spray,True,12.3109452964,54.1762572724
64,63.0000000000,64.0000000000,1,9,turn,False,12.3121894333,54.1762850608
65,64.0000000000,65.0000000000,1,9,spray,True,12.3121845373,54.1762970890
66,65.0000000000,66.0000000000,1,9,turn,False,12.3109473153,54.1762694550
67,66.0000000000,67.0000000000,1,9,spray,True,12.3109493343,54.1762816376
68,67.0000000000,68.0000000000,1,9,turn,False,12.3121796413,54.1763091172
69,68.0000000000,69.0000000000,1,9,spray,True,12.3121747453,54.1763211454
70,69.0000000000,70.0000000000,1,9,turn,False,12.3109513533,54.1762938203
71,70.0000000000,71.0000000000,1,9,spray,True,12.3109512125,54.1763059547
72,71.0000000000,72.0000000000,1,9,turn,False,12.3121698493,54.1763331736
73,72.0000000000,73.0000000000,1,9,spray,True,12.3121649533,54.1763452018
74,73.0000000000,74.0000000000,1,9,turn,False,12.3109460226,54.1763179763
75,74.0000000000,75.0000000000,1,9,spray,True,12.3109408328,54.1763299979
76,75.0000000000,76.0000000000,1,9,turn,False,12.3121600573,54.1763572301
77,76.0000000000,77.0000000000,1,9,spray,True,12.3121551613,54.1763692583
78,77.0000000000,78.0000000000,1,9,turn,False,12.3109356430,54.1763420194
79,78.0000000000,79.0000000000,1,9,spray,True,12.3109360376,54.1763541658
80,79.0000000000,80.0000000000,1,9,turn,False,12.3121502653,54.1763812865
81,80.0000000000,81.0000000000,1,9,spray,True,12.3121453693,54.1763933147
82,81.0000000000,82.0000000000,1,9,turn,False,12.3109515288,54.1763666494
83,82.0000000000,83.0000000000,1,9,spray,True,12.3109670200,54.1763791330
84,83.0000000000,84.0000000000,1,9,turn,False,12.3121404732,54.1764053429
85,84.0000000000,85.0000000000,1,9,spray,True,12.3121355772,54.1764173711
86,85.0000000000,86.0000000000,1,9,turn,False,12.3109825112,54.1763916167
87,86.0000000000,87.0000000000,1,9,spray,True,12.3109980025,54.1764041003
88,87.0000000000,88.0000000000,1,9,turn,False,12.3121306812,54.1764293993
89,88.0000000000,89.0000000000,1,9,spray,True,12.3121257852,54.1764414275
90,89.0000000000,90.0000000000,1,9,turn,False,12.3113157869,54.1764233368
91,90.0000000000,91.0000000000,1,9,spray,True,12.3115210546,54.1764400593
92,91.0000000000,92.0000000000,1,9,turn,False,12.3117668946,54.1764455501
93,92.0000000000,93.0000000000,1,9,spray,True,12.3118200584,54.1764467375
94,93.0000000000,94.0000000000,1,9,turn,False,12.3121075429,54.1764531576
95,94.0000000000,95.0000000000,1,9,spray,True,12.3120684961,54.1764644232
96,95.0000000000,96.0000000000,1,9,turn,False,12.3120299345,54.1764635621
97,96.0000000000,97.0000000000,1,9,spray,True,12.3117255248,54.1764567637
98,97.0000000000,98.0000000000,1,9,turn,False,12.3115570814,54.1764530015
99,98.0000000000,99.0000000000,1,9,spray,True,12.3115931082,54.1764659437
100,99.0000000000,100.0000000000,1,9,transit,False,12.3116841549,54.1764679773
101,100.0000000000,101.0000000000,2,10,spray,True,12.3122207545,54.1759350193
102,101.0000000000,102.0000000000,2,10,turn,False,12.3121314957,54.1759330261
103,102.0000000000,103.0000000000,2,10,spray,True,12.3121070306,54.1759203422
104,103.0000000000,104.0000000000,2,10,turn,False,12.3122783568,54.1759241680
105,104.0000000000,105.0000000000,2,10,spray,True,12.3122945091,54.1759123912
106,105.0000000000,106.0000000000,2,10,turn,False,12.3121016192,54.1759080839
107,106.0000000000,107.0000000000,2,10,spray,True,12.3121040086,54.1758959997
108,107.0000000000,108.0000000000,2,10,turn,False,12.3123087169,54.1759005709
109,108.0000000000,109.0000000000,2,10,spray,True,12.3123095032,54.1758884509
110,109.0000000000,110.0000000000,2,10,turn,False,12.3121063979,54.1758839155
111,110.0000000000,111.0000000000,2,10,spray,True,12.3121087873,54.1758718313
112,111.0000000000,112.0000000000,2,10,turn,False,12.3123102896,54.1758763310
113,112.0000000000,113.0000000000,2,10,spray,True,12.3123110759,54.1758642110
114,113.0000000000,114.0000000000,2,10,turn,False,12.3121111767,54.1758597472
115,114.0000000000,115.0000000000,2,10,spray,True,12.3121135661,54.1758476630
116,115.0000000000,116.0000000000,2,10,turn,False,12.3123118623,54.1758520910
117,116.0000000000,117.0000000000,2,10,spray,True,12.3123126486,54.1758399710
118,117.0000000000,118.0000000000,2,10,turn,False,12.3121159554,54.1758355788
119,118.0000000000,119.0000000000,2,10,spray,True,12.3121185002,54.1758234981
120,119.0000000000,120.0000000000,2,10,turn,False,12.3123134350,54.1758278511
121,120.0000000000,121.0000000000,2,10,spray,True,12.3123142214,54.1758157311
122,121.0000000000,122.0000000000,2,10,turn,False,12.3121242169,54.1758114882
123,122.0000000000,123.0000000000,2,10,spray,True,12.3121299336,54.1757994784
124,123.0000000000,124.0000000000,2,10,turn,False,12.3123150077,54.1758036111
125,124.0000000000,125.0000000000,2,10,spray,True,12.3122970287,54.1757910721
126,125.0000000000,126.0000000000,2,10,turn,False,12.3121356503,54.1757874685
127,126.0000000000,127.0000000000,2,10,spray,True,12.3121413670,54.1757754586
128,127.0000000000,128.0000000000,2,10,turn,False,12.3122776985,54.1757785029
129,128.0000000000,129.0000000000,2,10,spray,True,12.3122583683,54.1757659338
130,129.0000000000,130.0000000000,2,10,turn,False,12.3121470837,54.1757634487
131,130.0000000000,131.0000000000,2,10,spray,True,12.3121632292,54.1757516717
132,131.0000000000,132.0000000000,2,10,transit,False,12.3122390381,54.1757533646
133,132.0000000000,133.0000000000,3,8,spray,True,12.3143635905,54.1760825742
134,133.0000000000,134.0000000000,3,8,turn,False,12.3144692846,54.1760849324
135,134.0000000000,135.0000000000,3,8,spray,True,12.3148647297,54.1761058922
136,135.0000000000,136.0000000000,3,8,turn,False,12.3147892480,54.1761042083
137,136.0000000000,137.0000000000,3,8,spray,True,12.3145573394,54.1760990345
138,137.0000000000,138.0000000000,3,8,turn,False,12.3143331706,54.1760940329
139,138.0000000000,139.0000000000,3,8,spray,True,12.3143027506,54.1761054917
140,139.0000000000,140.0000000000,3,8,turn,False,12.3145693882,54.1761114409
141,140.0000000000,141.0000000000,3,8,spray,True,12.3147759306,54.1761160488
142,141.0000000000,142.0000000000,3,8,turn,False,12.3148733760,54.1761182226
143,142.0000000000,143.0000000000,3,8,spray,True,12.3148820223,54.1761305530
144,143.0000000000,144.0000000000,3,8,turn,False,12.3147626132,54.1761278892
145,144.0000000000,145.0000000000,3,8,spray,True,12.3145814371,54.1761238472
146,145.0000000000,146.0000000000,3,8,turn,False,12.3142723306,54.1761169505
147,146.0000000000,147.0000000000,3,8,spray,True,12.3142419106,54.1761284092
148,147.0000000000,148.0000000000,3,8,turn,False,12.3145934859,54.1761362536
149,148.0000000000,149.0000000000,3,8,spray,True,12.3147492958,54.1761397296
150,149.0000000000,150.0000000000,3,8,turn,False,12.3148876799,54.1761428168
151,150.0000000000,151.0000000000,3,8,spray,True,12.3148832668,54.1761548559
152,151.0000000000,152.0000000000,3,8,turn,False,12.3147239513,54.1761513017
153,152.0000000000,153.0000000000,3,8,spray,True,12.3146133492,54.1761488342
154,153.0000000000,154.0000000000,3,8,turn,False,12.3142114906,54.1761398680
155,154.0000000000,155.0000000000,3,8,spray,True,12.3141810706,54.1761513267
156,155.0000000000,156.0000000000,3,8,turn,False,12.3146582341,54.1761619731
157,156.0000000000,157.0000000000,3,8,spray,True,12.3146600968,54.1761620147
158,157.0000000000,158.0000000000,3,8,turn,False,12.3148788538,54.1761668949
159,158.0000000000,159.0000000000,3,8,spray,True,12.3148744408,54.1761789340
160,159.0000000000,160.0000000000,3,8,turn,False,12.3141700882,54.1761632192
161,160.0000000000,161.0000000000,3,8,spray,True,12.3141608695,54.1761751510
162,161.0000000000,162.0000000000,3,8,turn,False,12.3148700277,54.1761909731
163,162.0000000000,163.0000000000,3,8,spray,True,12.3148656147,54.1762030122
164,163.0000000000,164.0000000000,3,8,turn,False,12.3141516508,54.1761870829
165,164.0000000000,165.0000000000,3,8,spray,True,12.3141502179,54.1761991884
166,165.0000000000,166.0000000000,3,8,turn,False,12.3148612017,54.1762150512
167,166.0000000000,167.0000000000,3,8,spray,True,12.3148567886,54.1762270903
168,167.0000000000,168.0000000000,3,8,turn,False,12.3141524499,54.1762113757
169,168.0000000000,169.0000000000,3,8,spray,True,12.3141546819,54.1762235631
170,169.0000000000,170.0000000000,3,8,turn,False,12.3148523756,54.1762391294
171,170.0000000000,171.0000000000,3,8,spray,True,12.3148479625,54.1762511685
172,171.0000000000,172.0000000000,3,8,turn,False,12.3141569139,54.1762357504
173,172.0000000000,173.0000000000,3,8,spray,True,12.3141591459,54.1762479377
174,173.0000000000,174.0000000000,3,8,turn,False,12.3148435495,54.1762632076
175,174.0000000000,175.0000000000,3,8,spray,True,12.3148391364,54.1762752466
176,175.0000000000,176.0000000000,3,8,turn,False,12.3141613779,54.1762601251
177,176.0000000000,177.0000000000,3,8,spray,True,12.3141806429,54.1762726925
178,177.0000000000,178.0000000000,3,8,turn,False,12.3148347233,54.1762872857
179,178.0000000000,179.0000000000,3,8,spray,True,12.3148303103,54.1762993248
180,179.0000000000,180.0000000000,3,8,turn,False,12.3146393147,54.1762950638
181,180.0000000000,181.0000000000,3,8,spray,True,12.3145585269,54.1762932614
182,181.0000000000,182.0000000000,3,8,turn,False,12.3142041472,54.1762853545
183,182.0000000000,183.0000000000,3,8,spray,True,12.3142276515,54.1762980164
184,183.0000000000,184.0000000000,3,8,turn,False,12.3145326862,54.1763048224
185,184.0000000000,185.0000000000,3,8,spray,True,12.3146673062,54.1763078258
186,185.0000000000,186.0000000000,3,8,turn,False,12.3148258972,54.1763113639
187,186.0000000000,187.0000000000,3,8,spray,True,12.3148214842,54.1763234029
188,187.0000000000,188.0000000000,3,8,turn,False,12.3146775674,54.1763201923
189,188.0000000000,189.0000000000,3,8,spray,True,12.3145108710,54.1763164732
190,189.0000000000,190.0000000000,3,8,turn,False,12.3142511558,54.1763106784
191,190.0000000000,191.0000000000,3,8,spray,True,12.3142746601,54.1763233404
192,191.0000000000,192.0000000000,3,8,turn,False,12.3144890557,54.1763281240
193,192.0000000000,193.0000000000,3,8,spray,True,12.3146822912,54.1763324352
194,193.0000000000,194.0000000000,3,8,turn,False,12.3148170711,54.1763354420
195,194.0000000000,195.0000000000,3,8,spray,True,12.3148126580,54.1763474811
196,195.0000000000,196.0000000000,3,8,turn,False,12.3146870150,54.1763446781
197,196.0000000000,197.0000000000,3,8,spray,True,12.3146917388,54.1763569210
198,197.0000000000,198.0000000000,3,8,turn,False,12.3147996003,54.1763593273
199,198.0000000000,199.0000000000,3,8,spray,True,12.3147774694,54.1763709711
200,199.0000000000,200.0000000000,3,8,transit,False,12.3147250581,54.1763698019
201,200.0000000000,201.0000000000,4,11,spray,True,12.3161281964,54.1757440041
202,201.0000000000,202.0000000000,4,11,turn,False,12.3161528167,54.1757445530
203,202.0000000000,203.0000000000,4,11,spray,True,12.3161807186,54.1757330376
204,203.0000000000,204.0000000000,4,11,turn,False,12.3160934981,54.1757310928
205,204.0000000000,205.0000000000,4,11,spray,True,12.3160871592,54.1757188140
206,205.0000000000,206.0000000000,4,11,turn,False,12.3162086205,54.1757215223
207,206.0000000000,207.0000000000,4,11,spray,True,12.3162365223,54.1757100069
208,207.0000000000,208.0000000000,4,11,turn,False,12.3160842118,54.1757066107
209,208.0000000000,209.0000000000,4,11,spray,True,12.3160911739,54.1756946284
210,209.0000000000,210.0000000000,4,11,turn,False,12.3162620410,54.1756984383
211,210.0000000000,211.0000000000,4,11,spray,True,12.3162718877,54.1756865204
212,211.0000000000,212.0000000000,4,11,turn,False,12.3160981359,54.1756826462
213,212.0000000000,213.0000000000,4,11,spray,True,12.3161050979,54.1756706639
214,213.0000000000,214.0000000000,4,11,turn,False,12.3162817344,54.1756746024
215,214.0000000000,215.0000000000,4,11,spray,True,12.3162915811,54.1756626844
216,215.0000000000,216.0000000000,4,11,turn,False,12.3161120600,54.1756586816
217,216.0000000000,217.0000000000,4,11,spray,True,12.3161190220,54.1756466993
218,217.0000000000,218.0000000000,4,11,turn,False,12.3162982327,54.1756506952
219,218.0000000000,219.0000000000,4,11,spray,True,12.3162993651,54.1756385829
220,219.0000000000,220.0000000000,4,11,turn,False,12.3161259840,54.1756347170
221,220.0000000000,221.0000000000,4,11,spray,True,12.3161218094,54.1756224864
222,221.0000000000,222.0000000000,4,11,turn,False,12.3163004976,54.1756264707
223,222.0000000000,223.0000000000,4,11,spray,True,12.3163016300,54.1756143584
224,223.0000000000,224.0000000000,4,11,turn,False,12.3161156278,54.1756102111
225,224.0000000000,225.0000000000,4,11,spray,True,12.3161094462,54.1755979357
226,225.0000000000,226.0000000000,4,11,turn,False,12.3163027624,54.1756022461
227,226.0000000000,227.0000000000,4,11,spray,True,12.3163038948,54.1755901338
228,227.0000000000,228.0000000000,4,11,turn,False,12.3161032647,54.1755856604
229,228.0000000000,229.0000000000,4,11,spray,True,12.3160970831,54.1755733850
230,229.0000000000,230.0000000000,4,11,turn,False,12.3163050272,54.1755780216
231,230.0000000000,231.0000000000,4,11,spray,True,12.3163061596,54.1755659093
232,231.0000000000,232.0000000000,4,11,turn,False,12.3160923084,54.1755611410
233,232.0000000000,233.0000000000,4,11,spray,True,12.3160945887,54.1755490543
234,233.0000000000,234.0000000000,4,11,turn,False,12.3163029376,54.1755536999
235,234.0000000000,235.0000000000,4,11,spray,True,12.3162954587,54.1755413957
236,235.0000000000,236.0000000000,4,11,turn,False,12.3160968691,54.1755369677
237,236.0000000000,237.0000000000,4,11,spray,True,12.3160991495,54.1755248810
238,237.0000000000,238.0000000000,4,11,turn,False,12.3162879798,54.1755290914
239,238.0000000000,239.0000000000,4,11,spray,True,12.3162805009,54.1755167871
240,239.0000000000,240.0000000000,4,11,turn,False,12.3161014299,54.1755127943
241,240.0000000000,241.0000000000,4,11,spray,True,12.3161037103,54.1755007076
242,241.0000000000,242.0000000000,4,11,turn,False,12.3162794267,54.1755046256
243,242.0000000000,243.0000000000,4,11,spray,True,12.3162837615,54.1754925848
244,243.0000000000,244.0000000000,4,11,turn,False,12.3161059907,54.1754886210
245,244.0000000000,245.0000000000,4,11,spray,True,12.3161082711,54.1754765343
246,245.0000000000,246.0000000000,4,11,turn,False,12.3162880962,54.1754805439
247,246.0000000000,247.0000000000,4,11,spray,True,12.3162924309,54.1754685030
248,247.0000000000,248.0000000000,4,11,turn,False,12.3161105514,54.1754644476
249,248.0000000000,249.0000000000,4,11,spray,True,12.3161128318,54.1754523609
250,249.0000000000,250.0000000000,4,11,turn,False,12.3162967657,54.1754564622
251,250.0000000000,251.0000000000,4,11,spray,True,12.3163011004,54.1754444213
252,251.0000000000,252.0000000000,4,11,turn,False,12.3161158199,54.1754402901
253,252.0000000000,253.0000000000,4,11,spray,True,12.3161237470,54.1754283293
254,253.0000000000,254.0000000000,4,11,turn,False,12.3163054351,54.1754323804
255,254.0000000000,255.0000000000,4,11,spray,True,12.3163097698,54.1754203395
256,255.0000000000,256.0000000000,4,11,turn,False,12.3161316740,54.1754163685
257,256.0000000000,257.0000000000,4,11,spray,True,12.3161396010,54.1754044078
258,257.0000000000,258.0000000000,4,11,turn,False,12.3163141045,54.1754082987
259,258.0000000000,259.0000000000,4,11,spray,True,12.3163184393,54.1753962578
260,259.0000000000,260.0000000000,4,11,turn,False,12.3161475280,54.1753924470
261,260.0000000000,261.0000000000,4,11,spray,True,12.3161554550,54.1753804862
262,261.0000000000,262.0000000000,4,11,turn,False,12.3163227740,54.1753842169
263,262.0000000000,263.0000000000,4,11,spray,True,12.3163271087,54.1753721760
264,263.0000000000,264.0000000000,4,11,turn,False,12.3161540993,54.1753683185
265,264.0000000000,265.0000000000,4,11,spray,True,12.3161500423,54.1753560905
266,265.0000000000,266.0000000000,4,11,turn,False,12.3163314434,54.1753601352
267,266.0000000000,267.0000000000,4,11,spray,True,12.3163357781,54.1753480943
268,267.0000000000,268.0000000000,4,11,turn,False,12.3161459854,54.1753438625
269,268.0000000000,269.0000000000,4,11,spray,True,12.3161419284,54.1753316345
270,269.0000000000,270.0000000000,4,11,turn,False,12.3163401128,54.1753360534
271,270.0000000000,271.0000000000,4,11,spray,True,12.3163332630,54.1753237632
272,271.0000000000,272.0000000000,4,11,turn,False,12.3161510286,54.1753196999
273,272.0000000000,273.0000000000,4,11,spray,True,12.3161710325,54.1753080084
274,273.0000000000,274.0000000000,4,11,turn,False,12.3163171445,54.1753112663
275,274.0000000000,275.0000000000,4,11,spray,True,12.3163010259,54.1752987694
276,275.0000000000,276.0000000000,4,11,transit,False,12.3161910364,54.1752963169
277,276.0000000000,277.0000000000,5,12,spray,True,12.3159947433,54.1751678587
278,277.0000000000,278.0000000000,5,12,turn,False,12.3159469324,54.1751667925
279,278.0000000000,279.0000000000,5,12,spray,True,12.3158732422,54.1751530117
280,279.0000000000,280.0000000000,5,12,turn,False,12.3160790138,54.1751576003
281,280.0000000000,281.0000000000,5,12,spray,True,12.3160844475,54.1751455839
282,281.0000000000,282.0000000000,5,12,turn,False,12.3158533675,54.1751404310
283,282.0000000000,283.0000000000,5,12,spray,True,12.3158390533,54.1751279743
284,283.0000000000,284.0000000000,5,12,turn,False,12.3160898812,54.1751335675
285,284.0000000000,285.0000000000,5,12,spray,True,12.3160953150,54.1751215512
286,285.0000000000,286.0000000000,5,12,turn,False,12.3158417831,54.1751158976
287,286.0000000000,287.0000000000,5,12,spray,True,12.3158445129,54.1751038210
288,287.0000000000,288.0000000000,5,12,turn,False,12.3161007487,54.1751095348
289,288.0000000000,289.0000000000,5,12,spray,True,12.3161061824,54.1750975185
290,289.0000000000,290.0000000000,5,12,turn,False,12.3158472427,54.1750917443
291,290.0000000000,291.0000000000,5,12,spray,True,12.3158499724,54.1750796677
292,291.0000000000,292.0000000000,5,12,turn,False,12.3160805300,54.1750848089
293,292.0000000000,293.0000000000,5,12,spray,True,12.3160476305,54.1750719378
294,293.0000000000,294.0000000000,5,12,turn,False,12.3158527022,54.1750675910
295,294.0000000000,295.0000000000,5,12,spray,True,12.3158663425,54.1750557577
296,295.0000000000,296.0000000000,5,12,turn,False,12.3160147311,54.1750590667
297,296.0000000000,297.0000000000,5,12,spray,True,12.3159230859,54.1750448855
298,297.0000000000,298.0000000000,5,12,transit,False,12.3158863629,54.1750440666
299,298.0000000000,299.0000000000,6,13,spray,True,12.3159917771,54.1747583972
300,299.0000000000,300.0000000000,6,13,turn,False,12.3160293834,54.1747592357
301,300.0000000000,301.0000000000,6,13,spray,True,12.3160783749,54.1747481907
302,301.0000000000,302.0000000000,6,13,turn,False,12.3159584104,54.1747455156
303,302.0000000000,303.0000000000,6,13,spray,True,12.3159250438,54.1747326340
304,303.0000000000,304.0000000000,6,13,turn,False,12.3161248898,54.1747370903
305,304.0000000000,305.0000000000,6,13,spray,True,12.3161423362,54.1747253418
306,305.0000000000,306.0000000000,6,13,turn,False,12.3158954114,54.1747198357
307,306.0000000000,307.0000000000,6,13,spray,True,12.3158790386,54.1747073330
308,307.0000000000,308.0000000000,6,13,turn,False,12.3161597825,54.1747135933
309,308.0000000000,309.0000000000,6,13,spray,True,12.3161772288,54.1747018448
310,309.0000000000,310.0000000000,6,13,turn,False,12.3158626657,54.1746948304
311,310.0000000000,311.0000000000,6,13,spray,True,12.3158462929,54.1746823278
312,311.0000000000,312.0000000000,6,13,turn,False,12.3161946751,54.1746900963
313,312.0000000000,313.0000000000,6,13,spray,True,12.3162121214,54.1746783478
314,313.0000000000,314.0000000000,6,13,turn,False,12.3158338699,54.1746699132
315,314.0000000000,315.0000000000,6,13,spray,True,12.3158297529,54.1746576839
316,315.0000000000,316.0000000000,6,13,turn,False,12.3162295677,54.1746665993
317,316.0000000000,317.0000000000,6,13,spray,True,12.3162360798,54.1746546069
318,317.0000000000,318.0000000000,6,13,turn,False,12.3158256359,54.1746454545
319,318.0000000000,319.0000000000,6,13,spray,True,12.3158215189,54.1746332252
320,319.0000000000,320.0000000000,6,13,turn,False,12.3162418323,54.1746425977
321,320.0000000000,321.0000000000,6,13,spray,True,12.3162475849,54.1746305884
322,321.0000000000,322.0000000000,6,13,turn,False,12.3160602696,54.1746264117
323,322.0000000000,323.0000000000,6,13,spray,True,12.3160400619,54.1746259611
324,323.0000000000,324.0000000000,6,13,turn,False,12.3158209077,54.1746210740
325,324.0000000000,325.0000000000,6,13,spray,True,12.3158250432,54.1746090287
326,325.0000000000,326.0000000000,6,13,turn,False,12.3159753729,54.1746123811
327,326.0000000000,327.0000000000,6,13,spray,True,12.3160817145,54.1746147524
328,327.0000000000,328.0000000000,6,13,turn,False,12.3162533374,54.1746185792
329,328.0000000000,329.0000000000,6,13,spray,True,12.3162590900,54.1746065699
330,329.0000000000,330.0000000000,6,13,turn,False,12.3161031595,54.1746030930
331,330.0000000000,331.0000000000,6,13,spray,True,12.3159624744,54.1745999559
332,331.0000000000,332.0000000000,6,13,turn,False,12.3158291787,54.1745969834
333,332.0000000000,333.0000000000,6,13,spray,True,12.3158333143,54.1745849381
334,333.0000000000,334.0000000000,6,13,turn,False,12.3159495760,54.1745875308
335,334.0000000000,335.0000000000,6,13,spray,True,12.3161125242,54.1745911643
336,335.0000000000,336.0000000000,6,13,turn,False,12.3162648425,54.1745945606
337,336.0000000000,337.0000000000,6,13,spray,True,12.3162705950,54.1745825514
338,337.0000000000,338.0000000000,6,13,turn,False,12.3161171072,54.1745791290
339,338.0000000000,339.0000000000,6,13,spray,True,12.3159366775,54.1745751056
340,339.0000000000,340.0000000000,6,13,turn,False,12.3158374498,54.1745728928
341,340.0000000000,341.0000000000,6,13,spray,True,12.3158736543,54.1745615627
342,341.0000000000,342.0000000000,6,13,turn,False,12.3159237791,54.1745626805
343,342.0000000000,343.0000000000,6,13,spray,True,12.3161216902,54.1745670937
344,343.0000000000,344.0000000000,6,13,turn,False,12.3162763476,54.1745705421
345,344.0000000000,345.0000000000,6,13,spray,True,12.3162821001,54.1745585329
346,345.0000000000,346.0000000000,6,13,turn,False,12.3161262731,54.1745550583
347,346.0000000000,347.0000000000,6,13,spray,True,12.3161308560,54.1745430230
348,347.0000000000,348.0000000000,6,13,turn,False,12.3162878526,54.1745465236
349,348.0000000000,349.0000000000,6,13,spray,True,12.3162936051,54.1745345144
350,349.0000000000,350.0000000000,6,13,turn,False,12.3161354390,54.1745309877
351,350.0000000000,351.0000000000,6,13,spray,True,12.3161400219,54.1745189523
352,351.0000000000,352.0000000000,6,13,turn,False,12.3162993576,54.1745225051
353,352.0000000000,353.0000000000,6,13,spray,True,12.3162919507,54.1745102024
354,353.0000000000,354.0000000000,6,13,turn,False,12.3161446049,54.1745069170
355,354.0000000000,355.0000000000,6,13,spray,True,12.3161491878,54.1744948817
356,355.0000000000,356.0000000000,6,13,turn,False,12.3162821540,54.1744978465
357,356.0000000000,357.0000000000,6,13,spray,True,12.3162567218,54.1744851419
358,357.0000000000,358.0000000000,6,13,transit,False,12.3161812530,54.1744834591
359,358.0000000000,359.0000000000,7,15,spray,True,12.3152926525,54.1735394578
360,359.0000000000,360.0000000000,7,15,turn,False,12.3153202761,54.1735400740
361,360.0000000000,361.0000000000,7,15,spray,True,12.3153513617,54.1735286298
362,361.0000000000,362.0000000000,7,15,turn,False,12.3152152401,54.1735255936
363,362.0000000000,363.0000000000,7,15,spray,True,12.3151912346,54.1735129206
364,363.0000000000,364.0000000000,7,15,turn,False,12.3153746813,54.1735170124
365,364.0000000000,365.0000000000,7,15,spray,True,12.3153764997,54.1735049154
366,365.0000000000,366.0000000000,7,15,turn,False,12.3151672290,54.1735002476
367,366.0000000000,367.0000000000,7,15,spray,True,12.3151524556,54.1734877805
368,367.0000000000,368.0000000000,7,15,turn,False,12.3153783181,54.1734928185
369,368.0000000000,369.0000000000,7,15,spray,True,12.3153801364,54.1734807215
370,369.0000000000,370.0000000000,7,15,turn,False,12.3151506587,54.1734756029
371,370.0000000000,371.0000000000,7,15,spray,True,12.3151488617,54.1734634253
372,371.0000000000,372.0000000000,7,15,turn,False,12.3153819548,54.1734686245
373,372.0000000000,373.0000000000,7,15,spray,True,12.3153837731,54.1734565276
374,373.0000000000,374.0000000000,7,15,turn,False,12.3151584069,54.1734515007
375,374.0000000000,375.0000000000,7,15,spray,True,12.3151712760,54.1734396502
376,375.0000000000,376.0000000000,7,15,turn,False,12.3153855915,54.1734444306
377,376.0000000000,377.0000000000,7,15,spray,True,12.3153874098,54.1734323336
378,377.0000000000,378.0000000000,7,15,turn,False,12.3151841451,54.1734277997
379,378.0000000000,379.0000000000,7,15,spray,True,12.3152176891,54.1734164104
380,379.0000000000,380.0000000000,7,15,turn,False,12.3153757742,54.1734199366
381,380.0000000000,381.0000000000,7,15,spray,True,12.3153378237,54.1734069526
382,381.0000000000,382.0000000000,7,15,transit,False,12.3153065004,54.1734062539
383,382.0000000000,383.0000000000,8,16,spray,True,12.3150679227,54.1730964198
384,383.0000000000,384.0000000000,8,16,turn,False,12.3150954316,54.1730970335
385,384.0000000000,385.0000000000,8,16,spray,True,12.3151370545,54.1730858244
386,385.0000000000,386.0000000000,8,16,turn,False,12.3150407187,54.1730836755
387,386.0000000000,387.0000000000,8,16,spray,True,12.3150135146,54.1730709311
388,387.0000000000,388.0000000000,8,16,turn,False,12.3151786775,54.1730746154
389,388.0000000000,389.0000000000,8,16,spray,True,12.3152000590,54.1730629548
390,389.0000000000,390.0000000000,8,16,turn,False,12.3149863105,54.1730581867
391,390.0000000000,391.0000000000,8,16,spray,True,12.3149649057,54.1730455716
392,391.0000000000,392.0000000000,8,16,turn,False,12.3152054822,54.1730509382
393,392.0000000000,393.0000000000,8,16,spray,True,12.3152109053,54.1730389217
394,393.0000000000,394.0000000000,8,16,turn,False,12.3149567752,54.1730332527
395,394.0000000000,395.0000000000,8,16,spray,True,12.3149486447,54.1730209338
396,395.0000000000,396.0000000000,8,16,turn,False,12.3152163285,54.1730269051
397,396.0000000000,397.0000000000,8,16,spray,True,12.3152217516,54.1730148885
398,397.0000000000,398.0000000000,8,16,turn,False,12.3149405143,54.1730086149
399,398.0000000000,399.0000000000,8,16,spray,True,12.3149323839,54.1729962960
400,399.0000000000,400.0000000000,8,16,turn,False,12.3152271748,54.1730028720
401,400.0000000000,401.0000000000,8,16,spray,True,12.3152325979,54.1729908554
402,401.0000000000,402.0000000000,8,16,turn,False,12.3149242534,54.1729839771
403,402.0000000000,403.0000000000,8,16,spray,True,12.3149165830,54.1729716685
404,403.0000000000,404.0000000000,8,16,turn,False,12.3152380211,54.1729788389
405,404.0000000000,405.0000000000,8,16,spray,True,12.3152434442,54.1729668223
406,405.0000000000,406.0000000000,8,16,turn,False,12.3149246097,54.1729597100
407,406.0000000000,407.0000000000,8,16,spray,True,12.3149326365,54.1729477515
408,407.0000000000,408.0000000000,8,16,turn,False,12.3152488673,54.1729548057
409,408.0000000000,409.0000000000,8,16,spray,True,12.3152484074,54.1729426579
410,409.0000000000,410.0000000000,8,16,turn,False,12.3149406633,54.1729357931
411,410.0000000000,411.0000000000,8,16,spray,True,12.3149486900,54.1729238346
412,411.0000000000,412.0000000000,8,16,turn,False,12.3152468974,54.1729304867
413,412.0000000000,413.0000000000,8,16,spray,True,12.3152453874,54.1729183155
414,413.0000000000,414.0000000000,8,16,turn,False,12.3149567168,54.1729118761
415,414.0000000000,415.0000000000,8,16,spray,True,12.3149647436,54.1728999177
416,415.0000000000,416.0000000000,8,16,turn,False,12.3152438774,54.1729061443
417,416.0000000000,417.0000000000,8,16,spray,True,12.3152339280,54.1728937849
418,417.0000000000,418.0000000000,8,16,turn,False,12.3149801426,54.1728881237
419,418.0000000000,419.0000000000,8,16,spray,True,12.3150000453,54.1728764301
420,419.0000000000,420.0000000000,8,16,turn,False,12.3152201307,54.1728813396
421,420.0000000000,421.0000000000,8,16,spray,True,12.3152063334,54.1728688943
422,421.0000000000,422.0000000000,8,16,turn,False,12.3150199479,54.1728647366
423,422.0000000000,423.0000000000,8,16,spray,True,12.3150398505,54.1728530430
424,423.0000000000,424.0000000000,8,16,turn,False,12.3151787350,54.1728561411
425,424.0000000000,425.0000000000,8,16,spray,True,12.3151215167,54.1728427273
426,425.0000000000,426.0000000000,8,16,transit,False,12.3150698932,54.1728415757
427,426.0000000000,427.0000000000,9,17,spray,True,12.3129708940,54.1722746497
428,427.0000000000,428.0000000000,9,17,turn,False,12.3128882451,54.1722728045
429,428.0000000000,429.0000000000,9,17,spray,True,12.3128791957,54.1722847400
430,429.0000000000,430.0000000000,9,17,turn,False,12.3129832182,54.1722870623
431,430.0000000000,431.0000000000,9,17,spray,True,12.3129955424,54.1722994750
432,431.0000000000,432.0000000000,9,17,turn,False,12.3128701461,54.1722966755
433,432.0000000000,433.0000000000,9,17,spray,True,12.3128610966,54.1723086110
434,433.0000000000,434.0000000000,9,17,turn,False,12.3129985236,54.1723116791
435,434.0000000000,435.0000000000,9,17,spray,True,12.3129964301,54.1723237699
436,435.0000000000,436.0000000000,9,17,turn,False,12.3128454125,54.1723203984
437,436.0000000000,437.0000000000,9,17,spray,True,12.3128194769,54.1723319569
438,437.0000000000,438.0000000000,9,17,turn,False,12.3129943365,54.1723358607
439,438.0000000000,439.0000000000,9,17,spray,True,12.3129922429,54.1723479515
440,439.0000000000,440.0000000000,9,17,turn,False,12.3127935412,54.1723435154
441,440.0000000000,441.0000000000,9,17,spray,True,12.3127733999,54.1723552032
442,441.0000000000,442.0000000000,9,17,turn,False,12.3129901494,54.1723600423
443,442.0000000000,443.0000000000,9,17,spray,True,12.3129880558,54.1723721331
444,443.0000000000,444.0000000000,9,17,turn,False,12.3127638229,54.1723671269
445,444.0000000000,445.0000000000,9,17,spray,True,12.3127542458,54.1723790507
446,445.0000000000,446.0000000000,9,17,turn,False,12.3129859622,54.1723842239
447,446.0000000000,447.0000000000,9,17,spray,True,12.3129838687,54.1723963147
448,447.0000000000,448.0000000000,9,17,turn,False,12.3127465135,54.1723910156
449,448.0000000000,449.0000000000,9,17,spray,True,12.3127443315,54.1724031044
450,449.0000000000,450.0000000000,9,17,turn,False,12.3129817751,54.1724084055
451,450.0000000000,451.0000000000,9,17,spray,True,12.3129796815,54.1724204963
452,451.0000000000,452.0000000000,9,17,turn,False,12.3127421495,54.1724151932
453,452.0000000000,453.0000000000,9,17,spray,True,12.3127399675,54.1724272820
454,453.0000000000,454.0000000000,9,17,turn,False,12.3129750241,54.1724325299
455,454.0000000000,455.0000000000,9,17,spray,True,12.3129607651,54.1724443491
456,455.0000000000,456.0000000000,9,17,turn,False,12.3127377855,54.1724393708
457,456.0000000000,457.0000000000,9,17,spray,True,12.3127506242,54.1724517950
458,457.0000000000,458.0000000000,9,17,turn,False,12.3129465060,54.1724561683
459,458.0000000000,459.0000000000,9,17,spray,True,12.3129207220,54.1724677302
460,459.0000000000,460.0000000000,9,17,transit,False,12.3127900386,54.1724648125
461,460.0000000000,461.0000000000,10,18,spray,True,12.3122643233,54.1722409978
462,461.0000000000,462.0000000000,10,18,turn,False,12.3122917179,54.1722416095
463,462.0000000000,463.0000000000,10,18,spray,True,12.3124470181,54.1722572149
464,463.0000000000,464.0000000000,10,18,turn,False,12.3122222200,54.1722521951
465,464.0000000000,465.0000000000,10,18,spray,True,12.3122092882,54.1722640438
466,465.0000000000,466.0000000000,10,18,turn,False,12.3124652914,54.1722697604
467,466.0000000000,467.0000000000,10,18,spray,True,12.3124763101,54.1722821440
468,467.0000000000,468.0000000000,10,18,turn,False,12.3121979009,54.1722759271
469,468.0000000000,469.0000000000,10,18,spray,True,12.3121865135,54.1722878103
470,469.0000000000,470.0000000000,10,18,turn,False,12.3124873288,54.1722945276
471,470.0000000000,471.0000000000,10,18,spray,True,12.3124983474,54.1723069112
472,471.0000000000,472.0000000000,10,18,turn,False,12.3121751261,54.1722996936
473,472.0000000000,473.0000000000,10,18,spray,True,12.3121637387,54.1723115768
474,473.0000000000,474.0000000000,10,18,turn,False,12.3124991446,54.1723190665
475,474.0000000000,475.0000000000,10,18,spray,True,12.3124971922,54.1723311605
476,475.0000000000,476.0000000000,10,18,turn,False,12.3121641222,54.1723237229
477,476.0000000000,477.0000000000,10,18,spray,True,12.3121654018,54.1723358890
478,477.0000000000,478.0000000000,10,18,turn,False,12.3124952398,54.1723432544
479,478.0000000000,479.0000000000,10,18,spray,True,12.3124932874,54.1723553483
480,479.0000000000,480.0000000000,10,18,turn,False,12.3121666813,54.1723480551
481,480.0000000000,481.0000000000,10,18,spray,True,12.3121679609,54.1723602213
482,481.0000000000,482.0000000000,10,18,turn,False,12.3124913350,54.1723674423
483,482.0000000000,483.0000000000,10,18,spray,True,12.3124893825,54.1723795362
484,483.0000000000,484.0000000000,10,18,turn,False,12.3121692404,54.1723723874
485,484.0000000000,485.0000000000,10,18,spray,True,12.3121705200,54.1723845535
486,485.0000000000,486.0000000000,10,18,turn,False,12.3124874301,54.1723916302
487,486.0000000000,487.0000000000,10,18,spray,True,12.3124854777,54.1724037241
488,487.0000000000,488.0000000000,10,18,turn,False,12.3121717995,54.1723967196
489,488.0000000000,489.0000000000,10,18,spray,True,12.3121730791,54.1724088857
490,489.0000000000,490.0000000000,10,18,turn,False,12.3124771170,54.1724156750
491,490.0000000000,491.0000000000,10,18,spray,True,12.3124644258,54.1724275291
492,491.0000000000,492.0000000000,10,18,turn,False,12.3121743587,54.1724210518
493,492.0000000000,493.0000000000,10,18,spray,True,12.3121756382,54.1724332179
494,493.0000000000,494.0000000000,10,18,turn,False,12.3124517346,54.1724393833
495,494.0000000000,495.0000000000,10,18,spray,True,12.3124390435,54.1724512374
496,495.0000000000,496.0000000000,10,18,turn,False,12.3121769178,54.1724453841
497,496.0000000000,497.0000000000,10,18,spray,True,12.3121727078,54.1724574276
498,497.0000000000,498.0000000000,10,18,turn,False,12.3124263523,54.1724630916
499,498.0000000000,499.0000000000,10,18,spray,True,12.3124136611,54.1724749457
500,499.0000000000,500.0000000000,10,18,turn,False,12.3121661370,54.1724694184
501,500.0000000000,501.0000000000,10,18,spray,True,12.3121595663,54.1724814092
502,501.0000000000,502.0000000000,10,18,turn,False,12.3124009699,54.1724867999
503,502.0000000000,503.0000000000,10,18,spray,True,12.3123882787,54.1724986540
504,503.0000000000,504.0000000000,10,18,turn,False,12.3121529956,54.1724934000
505,504.0000000000,505.0000000000,10,18,spray,True,12.3121464249,54.1725053908
506,505.0000000000,506.0000000000,10,18,turn,False,12.3123840925,54.1725106981
507,506.0000000000,507.0000000000,10,18,spray,True,12.3123820083,54.1725227891
508,507.0000000000,508.0000000000,10,18,turn,False,12.3121482124,54.1725175683
509,508.0000000000,509.0000000000,10,18,spray,True,12.3121528626,54.1725298096
510,509.0000000000,510.0000000000,10,18,turn,False,12.3123799241,54.1725348801
511,510.0000000000,511.0000000000,10,18,spray,True,12.3123778399,54.1725469711
512,511.0000000000,512.0000000000,10,18,turn,False,12.3121575128,54.1725420510
513,512.0000000000,513.0000000000,10,18,spray,True,12.3121621630,54.1725542924
514,513.0000000000,514.0000000000,10,18,turn,False,12.3123757558,54.1725590621
515,514.0000000000,515.0000000000,10,18,spray,True,12.3123736716,54.1725711531
516,515.0000000000,516.0000000000,10,18,turn,False,12.3121584435,54.1725663469
517,516.0000000000,517.0000000000,10,18,spray,True,12.3121545493,54.1725783975
518,517.0000000000,518.0000000000,10,18,turn,False,12.3123715874,54.1725832441
519,518.0000000000,519.0000000000,10,18,spray,True,12.3123695033,54.1725953351
520,519.0000000000,520.0000000000,10,18,turn,False,12.3121506550,54.1725904480
521,520.0000000000,521.0000000000,10,18,spray,True,12.3121467608,54.1726024986
522,521.0000000000,522.0000000000,10,18,turn,False,12.3123674191,54.1726074261
523,522.0000000000,523.0000000000,10,18,spray,True,12.3123653349,54.1726195171
524,523.0000000000,524.0000000000,10,18,turn,False,12.3121428665,54.1726145492
525,524.0000000000,525.0000000000,10,18,spray,True,12.3121389723,54.1726265998
526,525.0000000000,526.0000000000,10,18,turn,False,12.3123632507,54.1726316081
527,526.0000000000,527.0000000000,10,18,spray,True,12.3123611665,54.1726436991
528,527.0000000000,528.0000000000,10,18,turn,False,12.3121350780,54.1726386503
529,528.0000000000,529.0000000000,10,18,spray,True,12.3121276623,54.1726506223
530,529.0000000000,530.0000000000,10,18,turn,False,12.3123581233,54.1726557687
531,530.0000000000,531.0000000000,10,18,spray,True,12.3123508443,54.1726677437
532,531.0000000000,532.0000000000,10,18,turn,False,12.3121169292,54.1726625201
533,532.0000000000,533.0000000000,10,18,spray,True,12.3121061961,54.1726744180
534,533.0000000000,534.0000000000,10,18,turn,False,12.3123435653,54.1726797186
535,534.0000000000,535.0000000000,10,18,spray,True,12.3123362863,54.1726916936
536,535.0000000000,536.0000000000,10,18,turn,False,12.3120954630,54.1726863158
537,536.0000000000,537.0000000000,10,18,spray,True,12.3121032713,54.1726986277
538,537.0000000000,538.0000000000,10,18,turn,False,12.3123290073,54.1727036686
539,538.0000000000,539.0000000000,10,18,spray,True,12.3123217283,54.1727156436
540,539.0000000000,540.0000000000,10,18,turn,False,12.3121121020,54.1727109625
541,540.0000000000,541.0000000000,10,18,spray,True,12.3121209327,54.1727232972
542,541.0000000000,542.0000000000,10,18,turn,False,12.3123144493,54.1727276186
543,542.0000000000,543.0000000000,10,18,spray,True,12.3122992511,54.1727394168
544,543.0000000000,544.0000000000,10,18,turn,False,12.3121404087,54.1727358697
545,544.0000000000,545.0000000000,10,18,spray,True,12.3122407415,54.1727502478
546,545.0000000000,546.0000000000,10,18,transit,False,12.3122600986,54.1727506800
547,546.0000000000,547.0000000000,11,14,spray,True,12.3138275883,54.1740708544
548,547.0000000000,548.0000000000,11,14,turn,False,12.3138950926,54.1740723609
549,548.0000000000,549.0000000000,11,14,spray,True,12.3139285479,54.1740852450
550,549.0000000000,550.0000000000,11,14,turn,False,12.3136477539,54.1740789783
551,550.0000000000,551.0000000000,11,14,spray,True,12.3136038111,54.1740901351
552,551.0000000000,552.0000000000,11,14,turn,False,12.3139620032,54.1740981291
553,552.0000000000,553.0000000000,11,14,spray,True,12.3139954585,54.1741110133
554,553.0000000000,554.0000000000,11,14,turn,False,12.3135850348,54.1741018536
555,554.0000000000,555.0000000000,11,14,spray,True,12.3135698201,54.1741136515
556,555.0000000000,556.0000000000,11,14,turn,False,12.3140289138,54.1741238974
557,556.0000000000,557.0000000000,11,14,spray,True,12.3140623692,54.1741367815
558,557.0000000000,558.0000000000,11,14,turn,False,12.3135546053,54.1741254495
559,558.0000000000,559.0000000000,11,14,spray,True,12.3135393905,54.1741372474
560,559.0000000000,560.0000000000,11,14,turn,False,12.3140958246,54.1741496656
561,560.0000000000,561.0000000000,11,14,spray,True,12.3141248721,54.1741624513
562,561.0000000000,562.0000000000,11,14,turn,False,12.3135334761,54.1741492529
563,562.0000000000,563.0000000000,11,14,spray,True,12.3135326901,54.1741613729
564,563.0000000000,564.0000000000,11,14,turn,False,12.3141341291,54.1741747954
565,564.0000000000,565.0000000000,11,14,spray,True,12.3141433862,54.1741871395
566,565.0000000000,566.0000000000,11,14,turn,False,12.3135330293,54.1741735180
567,566.0000000000,567.0000000000,11,14,spray,True,12.3135406188,54.1741858250
568,567.0000000000,568.0000000000,11,14,turn,False,12.3141526432,54.1741994836
569,568.0000000000,569.0000000000,11,14,spray,True,12.3141619002,54.1742118277
570,569.0000000000,570.0000000000,11,14,turn,False,12.3135482083,54.1741981319
571,570.0000000000,571.0000000000,11,14,spray,True,12.3135557979,54.1742104388
572,571.0000000000,572.0000000000,11,14,turn,False,12.3141805009,54.1742243803
573,572.0000000000,573.0000000000,11,14,spray,True,12.3142116950,54.1742372139
574,573.0000000000,574.0000000000,11,14,turn,False,12.3135633874,54.1742227457
575,574.0000000000,575.0000000000,11,14,spray,True,12.3135709769,54.1742350527
576,575.0000000000,576.0000000000,11,14,turn,False,12.3142428890,54.1742500475
577,576.0000000000,577.0000000000,11,14,spray,True,12.3142740831,54.1742628811
578,577.0000000000,578.0000000000,11,14,turn,False,12.3135785665,54.1742473596
579,578.0000000000,579.0000000000,11,14,spray,True,12.3135861560,54.1742596665
580,579.0000000000,580.0000000000,11,14,turn,False,12.3143052772,54.1742757146
581,580.0000000000,581.0000000000,11,14,spray,True,12.3143265837,54.1742883276
582,581.0000000000,582.0000000000,11,14,turn,False,12.3135937455,54.1742719734
583,582.0000000000,583.0000000000,11,14,spray,True,12.3136013351,54.1742842804
584,583.0000000000,584.0000000000,11,14,turn,False,12.3143413981,54.1743007957
585,584.0000000000,585.0000000000,11,14,spray,True,12.3143562124,54.1743132637
586,585.0000000000,586.0000000000,11,14,turn,False,12.3136128362,54.1742966746
587,586.0000000000,587.0000000000,11,14,spray,True,12.3136313624,54.1743092256
588,587.0000000000,588.0000000000,11,14,turn,False,12.3143645050,54.1743255863
589,588.0000000000,589.0000000000,11,14,spray,True,12.3143615379,54.1743376576
590,589.0000000000,590.0000000000,11,14,turn,False,12.3136498887,54.1743217766
591,590.0000000000,591.0000000000,11,14,spray,True,12.3136684150,54.1743343276
592,591.0000000000,592.0000000000,11,14,turn,False,12.3143585707,54.1743497289
593,592.0000000000,593.0000000000,11,14,spray,True,12.3143556035,54.1743618003
594,593.0000000000,594.0000000000,11,14,turn,False,12.3136869413,54.1743468786
595,594.0000000000,595.0000000000,11,14,spray,True,12.3137054676,54.1743594297
596,595.0000000000,596.0000000000,11,14,turn,False,12.3143526364,54.1743738716
597,596.0000000000,597.0000000000,11,14,spray,True,12.3143496692,54.1743859429
598,597.0000000000,598.0000000000,11,14,turn,False,12.3137341156,54.1743722066
599,598.0000000000,599.0000000000,11,14,spray,True,12.3137887578,54.1743855636
600,599.0000000000,600.0000000000,11,14,turn,False,12.3143467020,54.1743980142
601,600.0000000000,601.0000000000,11,14,spray,True,12.3143437348,54.1744100856
602,601.0000000000,602.0000000000,11,14,turn,False,12.3138434002,54.1743989206
603,602.0000000000,603.0000000000,11,14,spray,True,12.3138786423,54.1744118446
604,603.0000000000,604.0000000000,11,14,turn,False,12.3143407677,54.1744221569
605,604.0000000000,605.0000000000,11,14,spray,True,12.3143378005,54.1744342282
606,605.0000000000,606.0000000000,11,14,turn,False,12.3138993593,54.1744244445
607,606.0000000000,607.0000000000,11,14,spray,True,12.3139200763,54.1744370443
608,607.0000000000,608.0000000000,11,14,turn,False,12.3143348333,54.1744462995
609,608.0000000000,609.0000000000,11,14,spray,True,12.3143090922,54.1744578627
610,609.0000000000,610.0000000000,11,14,turn,False,12.3141438034,54.1744541745
611,610.0000000000,611.0000000000,11,14,spray,True,12.3142352482,54.1744683525
612,611.0000000000,612.0000000000,11,14,transit,False,12.3142749845,54.1744692392
613,612.0000000000,613.0000000000,12,7,spray,True,12.3176883949,54.1762495253
614,613.0000000000,614.0000000000,12,7,turn,False,12.3177512747,54.1762509265
615,614.0000000000,615.0000000000,12,7,spray,True,12.3177833672,54.1762637792
616,615.0000000000,616.0000000000,12,7,turn,False,12.3176531570,54.1762608775
617,616.0000000000,617.0000000000,12,7,spray,True,12.3176291290,54.1762724796
618,617.0000000000,618.0000000000,12,7,turn,False,12.3178154597,54.1762766318
619,618.0000000000,619.0000000000,12,7,spray,True,12.3178475523,54.1762894845
620,619.0000000000,620.0000000000,12,7,turn,False,12.3176105052,54.1762842020
621,620.0000000000,621.0000000000,12,7,spray,True,12.3176025686,54.1762961627
622,621.0000000000,622.0000000000,12,7,turn,False,12.3178796449,54.1763023371
623,622.0000000000,623.0000000000,12,7,spray,True,12.3179117375,54.1763151897
624,623.0000000000,624.0000000000,12,7,turn,False,12.3175946320,54.1763081233
625,624.0000000000,625.0000000000,12,7,spray,True,12.3175866955,54.1763200840
626,625.0000000000,626.0000000000,12,7,turn,False,12.3179438301,54.1763280424
627,626.0000000000,627.0000000000,12,7,spray,True,12.3179759227,54.1763408950
628,627.0000000000,628.0000000000,12,7,turn,False,12.3175787589,54.1763320446
629,628.0000000000,629.0000000000,12,7,spray,True,12.3175621688,54.1763438124
630,629.0000000000,630.0000000000,12,7,turn,False,12.3179954256,54.1763534671
631,630.0000000000,631.0000000000,12,7,spray,True,12.3180030036,54.1763657734
632,631.0000000000,632.0000000000,12,7,turn,False,12.3175070139,54.1763547208
633,632.0000000000,633.0000000000,12,7,spray,True,12.3171136050,54.1763459526
634,633.0000000000,634.0000000000,12,7,turn,False,12.3170809818,54.1763452254
635,634.0000000000,635.0000000000,12,7,spray,True,12.3170232653,54.1763560764
636,635.0000000000,636.0000000000,12,7,turn,False,12.3171394176,54.1763586654
637,636.0000000000,637.0000000000,12,7,spray,True,12.3174780768,54.1763662134
638,637.0000000000,638.0000000000,12,7,turn,False,12.3180105815,54.1763780798
639,638.0000000000,639.0000000000,12,7,spray,True,12.3180109296,54.1763902251
640,639.0000000000,640.0000000000,12,7,turn,False,12.3174511693,54.1763777512
641,640.0000000000,641.0000000000,12,7,spray,True,12.3171652302,54.1763713783
642,641.0000000000,642.0000000000,12,7,turn,False,12.3169655488,54.1763669274
643,642.0000000000,643.0000000000,12,7,spray,True,12.3169291702,54.1763782540
644,643.0000000000,644.0000000000,12,7,turn,False,12.3171910429,54.1763840911
645,644.0000000000,645.0000000000,12,7,spray,True,12.3174242618,54.1763892891
646,645.0000000000,646.0000000000,12,7,turn,False,12.3180087254,54.1764023135
647,646.0000000000,647.0000000000,12,7,spray,True,12.3180065213,54.1764144019
648,647.0000000000,648.0000000000,12,7,turn,False,12.3173973542,54.1764008269
649,648.0000000000,649.0000000000,12,7,spray,True,12.3172168555,54.1763968040
650,649.0000000000,650.0000000000,12,7,turn,False,12.3169225110,54.1763902431
651,650.0000000000,651.0000000000,12,7,spray,True,12.3169158519,54.1764022322
652,651.0000000000,652.0000000000,12,7,turn,False,12.3172426682,54.1764095168
653,652.0000000000,653.0000000000,12,7,spray,True,12.3173704466,54.1764123647
654,653.0000000000,654.0000000000,12,7,turn,False,12.3180043171,54.1764264903
655,654.0000000000,655.0000000000,12,7,spray,True,12.3180021130,54.1764385787
656,655.0000000000,656.0000000000,12,7,turn,False,12.3169091928,54.1764142213
657,656.0000000000,657.0000000000,12,7,spray,True,12.3169025336,54.1764262104
658,657.0000000000,658.0000000000,12,7,turn,False,12.3179999088,54.1764506671
659,658.0000000000,659.0000000000,12,7,spray,True,12.3179977047,54.1764627555
660,659.0000000000,660.0000000000,12,7,turn,False,12.3168958745,54.1764381994
661,660.0000000000,661.0000000000,12,7,spray,True,12.3168892153,54.1764501885
662,661.0000000000,662.0000000000,12,7,turn,False,12.3179955005,54.1764748439
663,662.0000000000,663.0000000000,12,7,spray,True,12.3179944936,54.1764869589
664,663.0000000000,664.0000000000,12,7,turn,False,12.3168860047,54.1764622545
665,664.0000000000,665.0000000000,12,7,spray,True,12.3168844173,54.1764743566
666,665.0000000000,666.0000000000,12,7,turn,False,12.3180063069,54.1764993597
667,666.0000000000,667.0000000000,12,7,spray,True,12.3180181201,54.1765117604
668,667.0000000000,668.0000000000,12,7,turn,False,12.3168828299,54.1764864587
669,668.0000000000,669.0000000000,12,7,spray,True,12.3168812425,54.1764985609
670,669.0000000000,670.0000000000,12,7,turn,False,12.3180372217,54.1765243235
671,670.0000000000,671.0000000000,12,7,spray,True,12.3180683673,54.1765371550
672,671.0000000000,672.0000000000,12,7,turn,False,12.3168796551,54.1765106630
673,672.0000000000,673.0000000000,12,7,spray,True,12.3168780677,54.1765227651
674,673.0000000000,674.0000000000,12,7,turn,False,12.3180995128,54.1765499865
675,674.0000000000,675.0000000000,12,7,spray,True,12.3181141288,54.1765624497
676,675.0000000000,676.0000000000,12,7,turn,False,12.3168764803,54.1765348673
677,676.0000000000,677.0000000000,12,7,spray,True,12.3168949317,54.1765474161
678,677.0000000000,678.0000000000,12,7,turn,False,12.3181101365,54.1765744982
679,678.0000000000,679.0000000000,12,7,spray,True,12.3181061442,54.1765865468
680,679.0000000000,680.0000000000,12,7,turn,False,12.3169162225,54.1765600282
681,680.0000000000,681.0000000000,12,7,spray,True,12.3169375133,54.1765726403
682,681.0000000000,682.0000000000,12,7,turn,False,12.3181021519,54.1765985954
683,682.0000000000,683.0000000000,12,7,spray,True,12.3180981596,54.1766106439
684,683.0000000000,684.0000000000,12,7,turn,False,12.3169588042,54.1765852524
685,684.0000000000,685.0000000000,12,7,spray,True,12.3171391806,54.1766014105
686,685.0000000000,686.0000000000,12,7,turn,False,12.3172953892,54.1766048921
687,686.0000000000,687.0000000000,12,7,spray,True,12.3173381605,54.1766058454
688,687.0000000000,688.0000000000,12,7,turn,False,12.3180941673,54.1766226925
689,688.0000000000,689.0000000000,12,7,spray,True,12.3180901750,54.1766347410
690,689.0000000000,690.0000000000,12,7,turn,False,12.3173630450,54.1766185375
691,690.0000000000,691.0000000000,12,7,spray,True,12.3173841596,54.1766311456
692,691.0000000000,692.0000000000,12,7,turn,False,12.3180861827,54.1766467896
693,692.0000000000,693.0000000000,12,7,spray,True,12.3180821904,54.1766588382
694,693.0000000000,694.0000000000,12,7,turn,False,12.3178853201,54.1766544515
695,694.0000000000,695.0000000000,12,7,spray,True,12.3178211184,54.1766530209
696,695.0000000000,696.0000000000,12,7,turn,False,12.3173905611,54.1766434258
697,696.0000000000,697.0000000000,12,7,spray,True,12.3173969625,54.1766557060
698,697.0000000000,698.0000000000,12,7,turn,False,12.3177527165,54.1766636341
699,698.0000000000,699.0000000000,12,7,spray,True,12.3179193141,54.1766673465
700,699.0000000000,700.0000000000,12,7,turn,False,12.3180781981,54.1766708867
701,700.0000000000,701.0000000000,12,7,spray,True,12.3180742058,54.1766829353
702,701.0000000000,702.0000000000,12,7,turn,False,12.3179235165,54.1766795776
703,702.0000000000,703.0000000000,12,7,spray,True,12.3176969738,54.1766745295
704,703.0000000000,704.0000000000,12,7,turn,False,12.3174033640,54.1766679862
705,704.0000000000,705.0000000000,12,7,spray,True,12.3174097655,54.1766802664
706,705.0000000000,706.0000000000,12,7,turn,False,12.3176580460,54.1766857995
707,706.0000000000,707.0000000000,12,7,spray,True,12.3179277188,54.1766918088
708,707.0000000000,708.0000000000,12,7,turn,False,12.3180702135,54.1766949838
709,708.0000000000,709.0000000000,12,7,spray,True,12.3180662211,54.1767070324
710,709.0000000000,710.0000000000,12,7,turn,False,12.3179319212,54.1767040399
711,710.0000000000,711.0000000000,12,7,spray,True,12.3176191181,54.1766970695
712,711.0000000000,712.0000000000,12,7,turn,False,12.3174466441,54.1766932258
713,712.0000000000,713.0000000000,12,7,spray,True,12.3175002298,54.1767065575
714,713.0000000000,714.0000000000,12,7,turn,False,12.3175801902,54.1767083395
715,714.0000000000,715.0000000000,12,7,spray,True,12.3179361235,54.1767162711
716,715.0000000000,716.0000000000,12,7,turn,False,12.3180622288,54.1767190810
717,716.0000000000,717.0000000000,12,7,spray,True,12.3180581442,54.1767311275
718,717.0000000000,718.0000000000,12,7,turn,False,12.3179403259,54.1767285022
719,718.0000000000,719.0000000000,12,7,spray,True,12.3179553800,54.1767409752
720,719.0000000000,720.0000000000,12,7,transit,False,12.3180283052,54.1767426001
721,720.0000000000,721.0000000000,13,6,spray,True,12.3187354542,54.1771306025
722,721.0000000000,722.0000000000,13,6,turn,False,12.3187605073,54.1771311606
723,722.0000000000,723.0000000000,13,6,spray,True,12.3188135942,54.1771444806
724,723.0000000000,724.0000000000,13,6,turn,False,12.3186978206,54.1771419017
725,724.0000000000,725.0000000000,13,6,spray,True,12.3186601869,54.1771532009
726,725.0000000000,726.0000000000,13,6,turn,False,12.3188328350,54.1771570467
727,726.0000000000,727.0000000000,13,6,spray,True,12.3188520759,54.1771696128
728,727.0000000000,728.0000000000,13,6,turn,False,12.3186225533,54.1771645000
729,728.0000000000,729.0000000000,13,6,spray,True,12.3185849196,54.1771757992
730,729.0000000000,730.0000000000,13,6,turn,False,12.3188713168,54.1771821789
731,730.0000000000,731.0000000000,13,6,spray,True,12.3188797700,54.1771945047
732,731.0000000000,732.0000000000,13,6,turn,False,12.3185472859,54.1771870983
733,732.0000000000,733.0000000000,13,6,spray,True,12.3185096522,54.1771983975
734,733.0000000000,734.0000000000,13,6,turn,False,12.3188789855,54.1772066247
735,734.0000000000,735.0000000000,13,6,spray,True,12.3188782010,54.1772187448
736,735.0000000000,736.0000000000,13,6,turn,False,12.3184955364,54.1772102205
737,736.0000000000,737.0000000000,13,6,spray,True,12.3184920332,54.1772222800
738,737.0000000000,738.0000000000,13,6,turn,False,12.3188657240,54.1772306044
739,738.0000000000,739.0000000000,13,6,spray,True,12.3188262000,54.1772418615
740,739.0000000000,740.0000000000,13,6,turn,False,12.3184907877,54.1772343897
741,740.0000000000,741.0000000000,13,6,spray,True,12.3184999091,54.1772467304
742,741.0000000000,742.0000000000,13,6,turn,False,12.3187866759,54.1772531186
743,742.0000000000,743.0000000000,13,6,spray,True,12.3187471518,54.1772643757
744,743.0000000000,744.0000000000,13,6,turn,False,12.3185090305,54.1772590712
745,744.0000000000,745.0000000000,13,6,spray,True,12.3185181519,54.1772714119
746,745.0000000000,746.0000000000,13,6,turn,False,12.3187076277,54.1772756328
747,746.0000000000,747.0000000000,13,6,spray,True,12.3186681036,54.1772868898
748,747.0000000000,748.0000000000,13,6,turn,False,12.3185272734,54.1772837526
749,748.0000000000,749.0000000000,13,6,spray,True,12.3185459218,54.1772963055
750,749.0000000000,750.0000000000,13,6,transit,False,12.3186285794,54.1772981469
751,750.0000000000,751.0000000000,14,1,spray,True,12.3154420236,54.1780146954
752,751.0000000000,752.0000000000,14,1,turn,False,12.3155261139,54.1780165708
753,752.0000000000,753.0000000000,14,1,spray,True,12.3155513444,54.1780292710
754,753.0000000000,754.0000000000,14,1,turn,False,12.3154132177,54.1780261904
755,754.0000000000,755.0000000000,14,1,spray,True,12.3153844119,54.1780376855
756,755.0000000000,756.0000000000,14,1,turn,False,12.3155608897,54.1780416214
757,756.0000000000,757.0000000000,14,1,spray,True,12.3155614161,54.1780537707
758,757.0000000000,758.0000000000,14,1,turn,False,12.3153556061,54.1780491805
759,758.0000000000,759.0000000000,14,1,spray,True,12.3153268002,54.1780606756
760,759.0000000000,760.0000000000,14,1,turn,False,12.3155559348,54.1780657859
761,760.0000000000,761.0000000000,14,1,spray,True,12.3155504536,54.1780778012
762,761.0000000000,762.0000000000,14,1,turn,False,12.3153058531,54.1780723459
763,762.0000000000,763.0000000000,14,1,spray,True,12.3153043207,54.1780844492
764,763.0000000000,764.0000000000,14,1,turn,False,12.3155336594,54.1780895642
765,764.0000000000,765.0000000000,14,1,spray,True,12.3155118681,54.1781012157
766,765.0000000000,766.0000000000,14,1,turn,False,12.3153027884,54.1780965526
767,766.0000000000,767.0000000000,14,1,spray,True,12.3153012560,54.1781086559
768,767.0000000000,768.0000000000,14,1,turn,False,12.3154900767,54.1781128672
769,768.0000000000,769.0000000000,14,1,spray,True,12.3154682854,54.1781245188
770,769.0000000000,770.0000000000,14,1,turn,False,12.3152997237,54.1781207593
771,770.0000000000,771.0000000000,14,1,spray,True,12.3152981913,54.1781328626
772,771.0000000000,772.0000000000,14,1,turn,False,12.3154344671,54.1781359020
773,772.0000000000,773.0000000000,14,1,spray,True,12.3153962026,54.1781471861
774,773.0000000000,774.0000000000,14,1,transit,False,12.3153213570,54.1781455168
775,774.0000000000,775.0000000000,15,2,spray,True,12.3143123047,54.1778082779
776,775.0000000000,776.0000000000,15,2,turn,False,12.3142796837,54.1778075500
777,776.0000000000,777.0000000000,15,2,spray,True,12.3142440109,54.1777946165
778,777.0000000000,778.0000000000,15,2,turn,False,12.3143535523,54.1777970607
779,778.0000000000,779.0000000000,15,2,spray,True,12.3143721698,54.1777853385
780,779.0000000000,780.0000000000,15,2,turn,False,12.3142366067,54.1777823138
781,780.0000000000,781.0000000000,15,2,spray,True,12.3142292025,54.1777700111
782,781.0000000000,782.0000000000,15,2,turn,False,12.3143862706,54.1777735156
783,782.0000000000,783.0000000000,15,2,spray,True,12.3144003715,54.1777616927
784,783.0000000000,784.0000000000,15,2,turn,False,12.3142217983,54.1777577083
785,784.0000000000,785.0000000000,15,2,spray,True,12.3142143941,54.1777454056
786,785.0000000000,786.0000000000,15,2,turn,False,12.3144267270,54.1777501432
787,786.0000000000,787.0000000000,15,2,spray,True,12.3144550611,54.1777386379
788,787.0000000000,788.0000000000,15,2,turn,False,12.3142069899,54.1777331029
789,788.0000000000,789.0000000000,15,2,spray,True,12.3141995857,54.1777208001
790,789.0000000000,790.0000000000,15,2,turn,False,12.3144833953,54.1777271325
791,790.0000000000,791.0000000000,15,2,spray,True,12.3145266447,54.1777159599
792,791.0000000000,792.0000000000,15,2,turn,False,12.3141921815,54.1777084974
793,792.0000000000,793.0000000000,15,2,spray,True,12.3141982571,54.1776964954
794,793.0000000000,794.0000000000,15,2,turn,False,12.3145765900,54.1777049367
795,794.0000000000,795.0000000000,15,2,spray,True,12.3145958783,54.1776932295
796,795.0000000000,796.0000000000,15,2,turn,False,12.3142101295,54.1776846228
797,796.0000000000,797.0000000000,15,2,spray,True,12.3142220019,54.1776727502
798,797.0000000000,798.0000000000,15,2,turn,False,12.3146062388,54.1776813231
799,798.0000000000,799.0000000000,15,2,spray,True,12.3146175823,54.1776694387
800,799.0000000000,800.0000000000,15,2,turn,False,12.3142527001,54.1776612977
801,800.0000000000,801.0000000000,15,2,spray,True,12.3142835716,54.1776498490
802,801.0000000000,802.0000000000,15,2,turn,False,12.3146428242,54.1776578643
803,802.0000000000,803.0000000000,15,2,spray,True,12.3146680661,54.1776462899
804,803.0000000000,804.0000000000,15,2,turn,False,12.3143144431,54.1776384003
805,804.0000000000,805.0000000000,15,2,spray,True,12.3143396045,54.1776268241
806,805.0000000000,806.0000000000,15,2,turn,False,12.3146933079,54.1776347155
807,806.0000000000,807.0000000000,15,2,spray,True,12.3146934225,54.1776225805
808,807.0000000000,808.0000000000,15,2,turn,False,12.3143451583,54.1776148105
809,808.0000000000,809.0000000000,15,2,spray,True,12.3143507121,54.1776027969
810,809.0000000000,810.0000000000,15,2,turn,False,12.3146883607,54.1776103301
811,810.0000000000,811.0000000000,15,2,spray,True,12.3146832989,54.1775980796
812,811.0000000000,812.0000000000,15,2,turn,False,12.3143562658,54.1775907833
813,812.0000000000,813.0000000000,15,2,spray,True,12.3143618196,54.1775787697
814,813.0000000000,814.0000000000,15,2,turn,False,12.3146698523,54.1775856421
815,814.0000000000,815.0000000000,15,2,spray,True,12.3146392330,54.1775728215
816,815.0000000000,816.0000000000,15,2,turn,False,12.3143673734,54.1775667561
817,816.0000000000,817.0000000000,15,2,spray,True,12.3143729272,54.1775547425
818,817.0000000000,818.0000000000,15,2,turn,False,12.3145543732,54.1775587908
819,818.0000000000,819.0000000000,15,2,spray,True,12.3145053246,54.1775455589
820,819.0000000000,820.0000000000,15,2,turn,False,12.3143784809,54.1775427289
821,820.0000000000,821.0000000000,15,2,spray,True,12.3143840347,54.1775307153
822,821.0000000000,822.0000000000,15,2,turn,False,12.3144845700,54.1775329584
823,822.0000000000,823.0000000000,15,2,spray,True,12.3144638155,54.1775203578
824,823.0000000000,824.0000000000,15,2,transit,False,12.3144277342,54.1775195528
825,824.0000000000,825.0000000000,16,3,spray,True,12.3137924148,54.1776504192
826,825.0000000000,826.0000000000,16,3,turn,False,12.3137731282,54.1776499888
827,826.0000000000,827.0000000000,16,3,spray,True,12.3137022887,54.1776362703
828,827.0000000000,828.0000000000,16,3,turn,False,12.3138274549,54.1776390636
829,828.0000000000,829.0000000000,16,3,spray,True,12.3138624949,54.1776277081
830,829.0000000000,830.0000000000,16,3,turn,False,12.3136456165,54.1776228680
831,830.0000000000,831.0000000000,16,3,spray,True,12.3136454739,54.1776107273
832,831.0000000000,832.0000000000,16,3,turn,False,12.3138975350,54.1776163525
833,832.0000000000,833.0000000000,16,3,spray,True,12.3139325750,54.1776049969
834,833.0000000000,834.0000000000,16,3,turn,False,12.3136453313,54.1775985866
835,834.0000000000,835.0000000000,16,3,spray,True,12.3136451888,54.1775864459
836,835.0000000000,836.0000000000,16,3,turn,False,12.3139798941,54.1775939153
837,836.0000000000,837.0000000000,16,3,spray,True,12.3140530045,54.1775834092
838,837.0000000000,838.0000000000,16,3,turn,False,12.3136450462,54.1775743051
839,838.0000000000,839.0000000000,16,3,spray,True,12.3136449036,54.1775621644
840,839.0000000000,840.0000000000,16,3,turn,False,12.3140613564,54.1775714581
841,840.0000000000,841.0000000000,16,3,spray,True,12.3140697084,54.1775595069
842,841.0000000000,842.0000000000,16,3,turn,False,12.3136400533,54.1775499187
843,842.0000000000,843.0000000000,16,3,spray,True,12.3136252528,54.1775374508
844,843.0000000000,844.0000000000,16,3,turn,False,12.3140780604,54.1775475558
845,844.0000000000,845.0000000000,16,3,spray,True,12.3140864123,54.1775356046
846,845.0000000000,846.0000000000,16,3,turn,False,12.3136104524,54.1775249830
847,846.0000000000,847.0000000000,16,3,spray,True,12.3135956519,54.1775125151
848,847.0000000000,848.0000000000,16,3,turn,False,12.3140772529,54.1775232627
849,848.0000000000,849.0000000000,16,3,spray,True,12.3140598084,54.1775107359
850,849.0000000000,850.0000000000,16,3,turn,False,12.3135919979,54.1775002960
851,850.0000000000,851.0000000000,16,3,spray,True,12.3135972513,54.1774882758
852,851.0000000000,852.0000000000,16,3,turn,False,12.3140118531,54.1774975283
853,852.0000000000,853.0000000000,16,3,spray,True,12.3139239177,54.1774834284
854,853.0000000000,854.0000000000,16,3,turn,False,12.3136049871,54.1774763109
855,854.0000000000,855.0000000000,16,3,spray,True,12.3136324736,54.1774647868
856,855.0000000000,856.0000000000,16,3,turn,False,12.3138450652,54.1774695313
857,856.0000000000,857.0000000000,16,3,spray,True,12.3138057443,54.1774565162
858,857.0000000000,858.0000000000,16,3,turn,False,12.3136599602,54.1774532627
859,858.0000000000,859.0000000000,16,3,spray,True,12.3136874467,54.1774417386
860,859.0000000000,860.0000000000,16,3,transit,False,12.3137664234,54.1774435012
861,860.0000000000,861.0000000000,17,4,spray,True,12.3132826948,54.1773837284
862,861.0000000000,862.0000000000,17,4,turn,False,12.3133244710,54.1773846609
863,862.0000000000,863.0000000000,17,4,spray,True,12.3133972917,54.1773741487
864,863.0000000000,864.0000000000,17,4,turn,False,12.3132045261,54.1773698460
865,864.0000000000,865.0000000000,17,4,spray,True,12.3131582079,54.1773566746
866,865.0000000000,866.0000000000,17,4,turn,False,12.3134701123,54.1773636365
867,866.0000000000,867.0000000000,17,4,spray,True,12.3134940208,54.1773520326
868,867.0000000000,868.0000000000,17,4,turn,False,12.3131546235,54.1773444571
869,868.0000000000,869.0000000000,17,4,spray,True,12.3131510390,54.1773322395
870,869.0000000000,870.0000000000,17,4,turn,False,12.3135080889,54.1773402091
871,870.0000000000,871.0000000000,17,4,spray,True,12.3135108575,54.1773281334
872,871.0000000000,872.0000000000,17,4,turn,False,12.3131474546,54.1773200220
873,872.0000000000,873.0000000000,17,4,spray,True,12.3131438701,54.1773078045
874,873.0000000000,874.0000000000,17,4,turn,False,12.3135134290,54.1773160532
875,874.0000000000,875.0000000000,17,4,spray,True,12.3135160006,54.1773039731
876,875.0000000000,876.0000000000,17,4,turn,False,12.3131402857,54.1772955869
877,876.0000000000,877.0000000000,17,4,spray,True,12.3131367012,54.1772833694
878,877.0000000000,878.0000000000,17,4,turn,False,12.3135185722,54.1772918930
879,878.0000000000,879.0000000000,17,4,spray,True,12.3135211437,54.1772798128
880,879.0000000000,880.0000000000,17,4,turn,False,12.3131432556,54.1772713782
881,880.0000000000,881.0000000000,17,4,spray,True,12.3131578756,54.1772595670
882,881.0000000000,882.0000000000,17,4,turn,False,12.3135192283,54.1772676326
883,882.0000000000,883.0000000000,17,4,spray,True,12.3135147015,54.1772553940
884,883.0000000000,884.0000000000,17,4,turn,False,12.3131724957,54.1772477558
885,884.0000000000,885.0000000000,17,4,spray,True,12.3131871157,54.1772359446
886,885.0000000000,886.0000000000,17,4,turn,False,12.3135056367,54.1772430542
887,886.0000000000,887.0000000000,17,4,spray,True,12.3134869312,54.1772304991
888,887.0000000000,888.0000000000,17,4,turn,False,12.3132017357,54.1772241334
889,888.0000000000,889.0000000000,17,4,spray,True,12.3132163558,54.1772123222
890,889.0000000000,890.0000000000,17,4,turn,False,12.3134682257,54.1772179441
891,890.0000000000,891.0000000000,17,4,spray,True,12.3134495203,54.1772053891
892,891.0000000000,892.0000000000,17,4,turn,False,12.3132309758,54.1772005111
893,892.0000000000,893.0000000000,17,4,spray,True,12.3132455958,54.1771886999
894,893.0000000000,894.0000000000,17,4,turn,False,12.3134308149,54.1771928341
895,894.0000000000,895.0000000000,17,4,spray,True,12.3134121094,54.1771802790
896,895.0000000000,896.0000000000,17,4,turn,False,12.3132752733,54.1771772248
897,896.0000000000,897.0000000000,17,4,spray,True,12.3133055751,54.1771657636
898,897.0000000000,898.0000000000,17,4,turn,False,12.3133934040,54.1771677240
899,898.0000000000,899.0000000000,17,4,spray,True,12.3133611930,54.1771548675
900,899.0000000000,900.0000000000,17,4,transit,False,12.3133358768,54.1771543024
901,900.0000000000,901.0000000000,18,5,spray,True,12.3108851101,54.1771985839
902,901.0000000000,902.0000000000,18,5,turn,False,12.3109714529,54.1772005128
903,902.0000000000,903.0000000000,18,5,spray,True,12.3109851528,54.1771886813
904,903.0000000000,904.0000000000,18,5,turn,False,12.3108706396,54.1771861230
905,904.0000000000,905.0000000000,18,5,spray,True,12.3108561691,54.1771736622
906,905.0000000000,906.0000000000,18,5,turn,False,12.3109988527,54.1771768499
907,906.0000000000,907.0000000000,18,5,spray,True,12.3110088190,54.1771649350
908,907.0000000000,908.0000000000,18,5,turn,False,12.3108416987,54.1771612014
909,908.0000000000,909.0000000000,18,5,spray,True,12.3108223653,54.1771486319
910,909.0000000000,910.0000000000,18,5,turn,False,12.3110018964,54.1771526428
911,910.0000000000,911.0000000000,18,5,spray,True,12.3109949739,54.1771403506
912,911.0000000000,912.0000000000,18,5,turn,False,12.3107241223,54.1771342994
913,912.0000000000,913.0000000000,18,5,spray,True,12.3106392262,54.1771202651
914,913.0000000000,914.0000000000,18,5,turn,False,12.3109880514,54.1771280584
915,914.0000000000,915.0000000000,18,5,spray,True,12.3109811289,54.1771157662
916,915.0000000000,916.0000000000,18,5,turn,False,12.3106347466,54.1771080275
917,916.0000000000,917.0000000000,18,5,spray,True,12.3106302670,54.1770957898
918,917.0000000000,918.0000000000,18,5,turn,False,12.3109798763,54.1771036007
919,918.0000000000,919.0000000000,18,5,spray,True,12.3109804625,54.1770914763
920,919.0000000000,920.0000000000,18,5,turn,False,12.3106257874,54.1770835522
921,920.0000000000,921.0000000000,18,5,spray,True,12.3106303468,54.1770715166
922,921.0000000000,922.0000000000,18,5,turn,False,12.3109810487,54.1770793518
923,922.0000000000,923.0000000000,18,5,spray,True,12.3109816349,54.1770672274
924,923.0000000000,924.0000000000,18,5,turn,False,12.3106375553,54.1770595401
925,924.0000000000,925.0000000000,18,5,spray,True,12.3106447638,54.1770475636
926,925.0000000000,926.0000000000,18,5,turn,False,12.3109822211,54.1770551029
927,926.0000000000,927.0000000000,18,5,spray,True,12.3109828073,54.1770429785
928,927.0000000000,928.0000000000,18,5,turn,False,12.3106519723,54.1770355871
929,928.0000000000,929.0000000000,18,5,spray,True,12.3106591808,54.1770236107
930,929.0000000000,930.0000000000,18,5,turn,False,12.3109833935,54.1770308541
931,930.0000000000,931.0000000000,18,5,spray,True,12.3109370105,54.1770176803
932,931.0000000000,932.0000000000,18,5,turn,False,12.3107043665,54.1770124827
933,932.0000000000,933.0000000000,18,5,spray,True,12.3107544864,54.1770014649
934,933.0000000000,934.0000000000,18,5,turn,False,12.3108882113,54.1770044526
935,934.0000000000,935.0000000000,18,5,spray,True,12.3108394121,54.1769912248
936,935.0000000000,,18,5,end,False,12.3108046062,54.1769904472
