do_jump_id,command,command_name,latitude,longitude,altitude_m,speed_mps,spray_on
1,22,TAKEOFF,54.176129,12.310159,10.0,3.5,False
2,16,TRANSIT_TO_ROUTE_START,54.1759777231,12.3114713645,10.0,3.5,False
3,16,WAYPOINT_SPRAY,54.1759799826,12.3115725248,10.0,3.5,False
4,16,WAYPOINT_TURN,54.1759922987,12.3115805189,10.0,3.5,False
5,16,WAYPOINT_SPRAY,54.1759893268,12.3114474663,10.0,3.5,False
6,16,WAYPOINT_TURN,54.1760009306,12.3114235681,10.0,3.5,False
7,16,WAYPOINT_SPRAY,54.1760046148,12.3115885129,10.0,3.5,False
8,16,WAYPOINT_TURN,54.1760153627,12.3120697612,10.0,3.5,False
9,16,WAYPOINT_SPRAY,54.1760173266,12.3121577037,10.0,3.5,False
10,16,WAYPOINT_TURN,54.1760297962,12.3121725757,10.0,3.5,False
11,16,WAYPOINT_SPRAY,54.1760270665,12.3120503399,10.0,3.5,False
12,16,WAYPOINT_TURN,54.1760169309,12.311596507,10.0,3.5,False
13,16,WAYPOINT_SPRAY,54.1760125343,12.3113996699,10.0,3.5,False
14,16,WAYPOINT_TURN,54.1760243285,12.3113842997,10.0,3.5,False
15,16,WAYPOINT_SPRAY,54.176029247,12.3116045011,10.0,3.5,False
16,16,WAYPOINT_TURN,54.1760387704,12.3120309186,10.0,3.5,False
17,16,WAYPOINT_SPRAY,54.1760422658,12.3121874477,10.0,3.5,False
18,16,WAYPOINT_TURN,54.1760547355,12.3122023197,10.0,3.5,False
19,16,WAYPOINT_SPRAY,54.1760499988,12.3119902111,10.0,3.5,False
20,16,WAYPOINT_TURN,54.176041563,12.3116124952,10.0,3.5,False
21,16,WAYPOINT_SPRAY,54.1760366152,12.3113909786,10.0,3.5,False
22,16,WAYPOINT_TURN,54.1760489019,12.3113976575,10.0,3.5,False
23,16,WAYPOINT_SPRAY,54.1760545573,12.3116508523,10.0,3.5,False
24,16,WAYPOINT_TURN,54.176061008,12.3119396866,10.0,3.5,False
25,16,WAYPOINT_SPRAY,54.1760672051,12.3122171917,10.0,3.5,False
26,16,WAYPOINT_TURN,54.1760796747,12.3122320637,10.0,3.5,False
27,16,WAYPOINT_SPRAY,54.1760706039,12.3118258805,10.0,3.5,False
28,16,WAYPOINT_TURN,54.1760676339,12.3116928983,10.0,3.5,False
29,16,WAYPOINT_SPRAY,54.1760611887,12.3114043363,10.0,3.5,False
30,16,WAYPOINT_TURN,54.1760734754,12.3114110152,10.0,3.5,False
31,16,WAYPOINT_SPRAY,54.1760919781,12.3122394903,10.0,3.5,False
32,16,WAYPOINT_TURN,54.176104124,12.3122398646,10.0,3.5,False
33,16,WAYPOINT_SPRAY,54.1760857621,12.3114176941,10.0,3.5,False
34,16,WAYPOINT_TURN,54.1760980488,12.311424373,10.0,3.5,False
35,16,WAYPOINT_SPRAY,54.1761162699,12.3122402389,10.0,3.5,False
36,16,WAYPOINT_TURN,54.1761284158,12.3122406133,10.0,3.5,False
37,16,WAYPOINT_SPRAY,54.1761103355,12.3114310519,10.0,3.5,False
38,16,WAYPOINT_TURN,54.1761224007,12.3114278112,10.0,3.5,False
39,16,WAYPOINT_SPRAY,54.1761405617,12.3122409876,10.0,3.5,False
40,16,WAYPOINT_TURN,54.1761527076,12.3122413619,10.0,3.5,False
41,16,WAYPOINT_SPRAY,54.1761341572,12.3114107545,10.0,3.5,False
42,16,WAYPOINT_TURN,54.1761459138,12.3113936978,10.0,3.5,False
43,16,WAYPOINT_SPRAY,54.1761647788,12.3122383931,10.0,3.5,False
44,16,WAYPOINT_TURN,54.176176807,12.3122334971,10.0,3.5,False
45,16,WAYPOINT_SPRAY,54.1761576703,12.3113766411,10.0,3.5,False
46,16,WAYPOINT_TURN,54.1761694269,12.3113595843,10.0,3.5,False
47,16,WAYPOINT_SPRAY,54.1761888352,12.3122286011,10.0,3.5,False
48,16,WAYPOINT_TURN,54.1762008634,12.3122237052,10.0,3.5,False
49,16,WAYPOINT_SPRAY,54.1761811534,12.3113411847,10.0,3.5,False
50,16,WAYPOINT_TURN,54.1761926848,12.3113140485,10.0,3.5,False
51,16,WAYPOINT_SPRAY,54.1762128916,12.3122188092,10.0,3.5,False
52,16,WAYPOINT_TURN,54.1762249198,12.3122139132,10.0,3.5,False
53,16,WAYPOINT_SPRAY,54.1762042161,12.3112869123,10.0,3.5,False
54,16,WAYPOINT_TURN,54.1762157475,12.3112597761,10.0,3.5,False
55,16,WAYPOINT_SPRAY,54.176236948,12.3122090172,10.0,3.5,False
56,16,WAYPOINT_TURN,54.1762489762,12.3122041213,10.0,3.5,False
57,16,WAYPOINT_SPRAY,54.1762272789,12.3112326398,10.0,3.5,False
58,16,WAYPOINT_TURN,54.1762223791,12.3110133055,10.0,3.5,False
59,16,WAYPOINT_SPRAY,54.1762219363,12.3109934834,10.0,3.5,False
60,16,WAYPOINT_TURN,54.176233221,12.310955311,10.0,3.5,False
61,16,WAYPOINT_SPRAY,54.1762610044,12.3121992253,10.0,3.5,False
62,16,WAYPOINT_TURN,54.1762730326,12.3121943293,10.0,3.5,False
63,16,WAYPOINT_SPRAY,54.1762450897,12.3109432774,10.0,3.5,False
64,16,WAYPOINT_TURN,54.1762572724,12.3109452964,10.0,3.5,False
65,16,WAYPOINT_SPRAY,54.1762850608,12.3121894333,10.0,3.5,False
66,16,WAYPOINT_TURN,54.176297089,12.3121845373,10.0,3.5,False
67,16,WAYPOINT_SPRAY,54.176269455,12.3109473153,10.0,3.5,False
68,16,WAYPOINT_TURN,54.1762816376,12.3109493343,10.0,3.5,False
69,16,WAYPOINT_SPRAY,54.1763091172,12.3121796413,10.0,3.5,False
70,16,WAYPOINT_TURN,54.1763211454,12.3121747453,10.0,3.5,False
71,16,WAYPOINT_SPRAY,54.1762938203,12.3109513533,10.0,3.5,False
72,16,WAYPOINT_TURN,54.1763059547,12.3109512125,10.0,3.5,False
73,16,WAYPOINT_SPRAY,54.1763331736,12.3121698493,10.0,3.5,False
74,16,WAYPOINT_TURN,54.1763452018,12.3121649533,10.0,3.5,False
75,16,WAYPOINT_SPRAY,54.1763179763,12.3109460226,10.0,3.5,False
76,16,WAYPOINT_TURN,54.1763299979,12.3109408328,10.0,3.5,False
77,16,WAYPOINT_SPRAY,54.1763572301,12.3121600573,10.0,3.5,False
78,16,WAYPOINT_TURN,54.1763692583,12.3121551613,10.0,3.5,False
79,16,WAYPOINT_SPRAY,54.1763420194,12.310935643,10.0,3.5,False
80,16,WAYPOINT_TURN,54.1763541658,12.3109360376,10.0,3.5,False
81,16,WAYPOINT_SPRAY,54.1763812865,12.3121502653,10.0,3.5,False
82,16,WAYPOINT_TURN,54.1763933147,12.3121453693,10.0,3.5,False
83,16,WAYPOINT_SPRAY,54.1763666494,12.3109515288,10.0,3.5,False
84,16,WAYPOINT_TURN,54.176379133,12.31096702,10.0,3.5,False
85,16,WAYPOINT_SPRAY,54.1764053429,12.3121404732,10.0,3.5,False
86,16,WAYPOINT_TURN,54.1764173711,12.3121355772,10.0,3.5,False
87,16,WAYPOINT_SPRAY,54.1763916167,12.3109825112,10.0,3.5,False
88,16,WAYPOINT_TURN,54.1764041003,12.3109980025,10.0,3.5,False
89,16,WAYPOINT_SPRAY,54.1764293993,12.3121306812,10.0,3.5,False
90,16,WAYPOINT_TURN,54.1764414275,12.3121257852,10.0,3.5,False
91,16,WAYPOINT_SPRAY,54.1764233368,12.3113157869,10.0,3.5,False
92,16,WAYPOINT_TURN,54.1764400593,12.3115210546,10.0,3.5,False
93,16,WAYPOINT_SPRAY,54.1764455501,12.3117668946,10.0,3.5,False
94,16,WAYPOINT_TURN,54.1764467375,12.3118200584,10.0,3.5,False
95,16,WAYPOINT_SPRAY,54.1764531576,12.3121075429,10.0,3.5,False
96,16,WAYPOINT_TURN,54.1764644232,12.3120684961,10.0,3.5,False
97,16,WAYPOINT_SPRAY,54.1764635621,12.3120299345,10.0,3.5,False
98,16,WAYPOINT_TURN,54.1764567637,12.3117255248,10.0,3.5,False
99,16,WAYPOINT_SPRAY,54.1764530015,12.3115570814,10.0,3.5,False
100,16,WAYPOINT_TURN,54.1764659437,12.3115931082,10.0,3.5,False
101,16,WAYPOINT_SPRAY,54.1764679773,12.3116841549,10.0,3.5,False
102,16,WAYPOINT_TRANSIT,54.1759350193,12.3122207545,10.0,3.5,False
103,16,WAYPOINT_SPRAY,54.1759330261,12.3121314957,10.0,3.5,False
104,16,WAYPOINT_TURN,54.1759203422,12.3121070306,10.0,3.5,False
105,16,WAYPOINT_SPRAY,54.175924168,12.3122783568,10.0,3.5,False
106,16,WAYPOINT_TURN,54.1759123912,12.3122945091,10.0,3.5,False
107,16,WAYPOINT_SPRAY,54.1759080839,12.3121016192,10.0,3.5,False
108,16,WAYPOINT_TURN,54.1758959997,12.3121040086,10.0,3.5,False
109,16,WAYPOINT_SPRAY,54.1759005709,12.3123087169,10.0,3.5,False
110,16,WAYPOINT_TURN,54.1758884509,12.3123095032,10.0,3.5,False
111,16,WAYPOINT_SPRAY,54.1758839155,12.3121063979,10.0,3.5,False
112,16,WAYPOINT_TURN,54.1758718313,12.3121087873,10.0,3.5,False
113,16,WAYPOINT_SPRAY,54.175876331,12.3123102896,10.0,3.5,False
114,16,WAYPOINT_TURN,54.175864211,12.3123110759,10.0,3.5,False
115,16,WAYPOINT_SPRAY,54.1758597472,12.3121111767,10.0,3.5,False
116,16,WAYPOINT_TURN,54.175847663,12.3121135661,10.0,3.5,False
117,16,WAYPOINT_SPRAY,54.175852091,12.3123118623,10.0,3.5,False
118,16,WAYPOINT_TURN,54.175839971,12.3123126486,10.0,3.5,False
119,16,WAYPOINT_SPRAY,54.1758355788,12.3121159554,10.0,3.5,False
120,16,WAYPOINT_TURN,54.1758234981,12.3121185002,10.0,3.5,False
121,16,WAYPOINT_SPRAY,54.1758278511,12.312313435,10.0,3.5,False
122,16,WAYPOINT_TURN,54.1758157311,12.3123142214,10.0,3.5,False
123,16,WAYPOINT_SPRAY,54.1758114882,12.3121242169,10.0,3.5,False
124,16,WAYPOINT_TURN,54.1757994784,12.3121299336,10.0,3.5,False
125,16,WAYPOINT_SPRAY,54.1758036111,12.3123150077,10.0,3.5,False
126,16,WAYPOINT_TURN,54.1757910721,12.3122970287,10.0,3.5,False
127,16,WAYPOINT_SPRAY,54.1757874685,12.3121356503,10.0,3.5,False
128,16,WAYPOINT_TURN,54.1757754586,12.312141367,10.0,3.5,False
129,16,WAYPOINT_SPRAY,54.1757785029,12.3122776985,10.0,3.5,False
130,16,WAYPOINT_TURN,54.1757659338,12.3122583683,10.0,3.5,False
131,16,WAYPOINT_SPRAY,54.1757634487,12.3121470837,10.0,3.5,False
132,16,WAYPOINT_TURN,54.1757516717,12.3121632292,10.0,3.5,False
133,16,WAYPOINT_SPRAY,54.1757533646,12.3122390381,10.0,3.5,False
134,16,WAYPOINT_TRANSIT,54.1760825742,12.3143635905,10.0,3.5,False
135,16,WAYPOINT_SPRAY,54.1760849324,12.3144692846,10.0,3.5,False
136,16,WAYPOINT_TURN,54.1761058922,12.3148647297,10.0,3.5,False
137,16,WAYPOINT_SPRAY,54.1761042083,12.314789248,10.0,3.5,False
138,16,WAYPOINT_TURN,54.1760990345,12.3145573394,10.0,3.5,False
139,16,WAYPOINT_SPRAY,54.1760940329,12.3143331706,10.0,3.5,False
140,16,WAYPOINT_TURN,54.1761054917,12.3143027506,10.0,3.5,False
141,16,WAYPOINT_SPRAY,54.1761114409,12.3145693882,10.0,3.5,False
142,16,WAYPOINT_TURN,54.1761160488,12.3147759306,10.0,3.5,False
143,16,WAYPOINT_SPRAY,54.1761182226,12.314873376,10.0,3.5,False
144,16,WAYPOINT_TURN,54.176130553,12.3148820223,10.0,3.5,False
145,16,WAYPOINT_SPRAY,54.1761278892,12.3147626132,10.0,3.5,False
146,16,WAYPOINT_TURN,54.1761238472,12.3145814371,10.0,3.5,False
147,16,WAYPOINT_SPRAY,54.1761169505,12.3142723306,10.0,3.5,False
148,16,WAYPOINT_TURN,54.1761284092,12.3142419106,10.0,3.5,False
149,16,WAYPOINT_SPRAY,54.1761362536,12.3145934859,10.0,3.5,False
150,16,WAYPOINT_TURN,54.1761397296,12.3147492958,10.0,3.5,False
151,16,WAYPOINT_SPRAY,54.1761428168,12.3148876799,10.0,3.5,False
152,16,WAYPOINT_TURN,54.1761548559,12.3148832668,10.0,3.5,False
153,16,WAYPOINT_SPRAY,54.1761513017,12.3147239513,10.0,3.5,False
154,16,WAYPOINT_TURN,54.1761488342,12.3146133492,10.0,3.5,False
155,16,WAYPOINT_SPRAY,54.176139868,12.3142114906,10.0,3.5,False
156,16,WAYPOINT_TURN,54.1761513267,12.3141810706,10.0,3.5,False
157,16,WAYPOINT_SPRAY,54.1761619731,12.3146582341,10.0,3.5,False
158,16,WAYPOINT_TURN,54.1761620147,12.3146600968,10.0,3.5,False
159,16,WAYPOINT_SPRAY,54.1761668949,12.3148788538,10.0,3.5,False
160,16,WAYPOINT_TURN,54.176178934,12.3148744408,10.0,3.5,False
161,16,WAYPOINT_SPRAY,54.1761632192,12.3141700882,10.0,3.5,False
162,16,WAYPOINT_TURN,54.176175151,12.3141608695,10.0,3.5,False
163,16,WAYPOINT_SPRAY,54.1761909731,12.3148700277,10.0,3.5,False
164,16,WAYPOINT_TURN,54.1762030122,12.3148656147,10.0,3.5,False
165,16,WAYPOINT_SPRAY,54.1761870829,12.3141516508,10.0,3.5,False
166,16,WAYPOINT_TURN,54.1761991884,12.3141502179,10.0,3.5,False
167,16,WAYPOINT_SPRAY,54.1762150512,12.3148612017,10.0,3.5,False
168,16,WAYPOINT_TURN,54.1762270903,12.3148567886,10.0,3.5,False
169,16,WAYPOINT_SPRAY,54.1762113757,12.3141524499,10.0,3.5,False
170,16,WAYPOINT_TURN,54.1762235631,12.3141546819,10.0,3.5,False
171,16,WAYPOINT_SPRAY,54.1762391294,12.3148523756,10.0,3.5,False
172,16,WAYPOINT_TURN,54.1762511685,12.3148479625,10.0,3.5,False
173,16,WAYPOINT_SPRAY,54.1762357504,12.3141569139,10.0,3.5,False
174,16,WAYPOINT_TURN,54.1762479377,12.3141591459,10.0,3.5,False
175,16,WAYPOINT_SPRAY,54.1762632076,12.3148435495,10.0,3.5,False
176,16,WAYPOINT_TURN,54.1762752466,12.3148391364,10.0,3.5,False
177,16,WAYPOINT_SPRAY,54.1762601251,12.3141613779,10.0,3.5,False
178,16,WAYPOINT_TURN,54.1762726925,12.3141806429,10.0,3.5,False
179,16,WAYPOINT_SPRAY,54.1762872857,12.3148347233,10.0,3.5,False
180,16,WAYPOINT_TURN,54.1762993248,12.3148303103,10.0,3.5,False
181,16,WAYPOINT_SPRAY,54.1762950638,12.3146393147,10.0,3.5,False
182,16,WAYPOINT_TURN,54.1762932614,12.3145585269,10.0,3.5,False
183,16,WAYPOINT_SPRAY,54.1762853545,12.3142041472,10.0,3.5,False
184,16,WAYPOINT_TURN,54.1762980164,12.3142276515,10.0,3.5,False
185,16,WAYPOINT_SPRAY,54.1763048224,12.3145326862,10.0,3.5,False
186,16,WAYPOINT_TURN,54.1763078258,12.3146673062,10.0,3.5,False
187,16,WAYPOINT_SPRAY,54.1763113639,12.3148258972,10.0,3.5,False
188,16,WAYPOINT_TURN,54.1763234029,12.3148214842,10.0,3.5,False
189,16,WAYPOINT_SPRAY,54.1763201923,12.3146775674,10.0,3.5,False
190,16,WAYPOINT_TURN,54.1763164732,12.314510871,10.0,3.5,False
191,16,WAYPOINT_SPRAY,54.1763106784,12.3142511558,10.0,3.5,False
192,16,WAYPOINT_TURN,54.1763233404,12.3142746601,10.0,3.5,False
193,16,WAYPOINT_SPRAY,54.176328124,12.3144890557,10.0,3.5,False
194,16,WAYPOINT_TURN,54.1763324352,12.3146822912,10.0,3.5,False
195,16,WAYPOINT_SPRAY,54.176335442,12.3148170711,10.0,3.5,False
196,16,WAYPOINT_TURN,54.1763474811,12.314812658,10.0,3.5,False
197,16,WAYPOINT_SPRAY,54.1763446781,12.314687015,10.0,3.5,False
198,16,WAYPOINT_TURN,54.176356921,12.3146917388,10.0,3.5,False
199,16,WAYPOINT_SPRAY,54.1763593273,12.3147996003,10.0,3.5,False
200,16,WAYPOINT_TURN,54.1763709711,12.3147774694,10.0,3.5,False
201,16,WAYPOINT_SPRAY,54.1763698019,12.3147250581,10.0,3.5,False
202,16,WAYPOINT_TRANSIT,54.1757440041,12.3161281964,10.0,3.5,False
203,16,WAYPOINT_SPRAY,54.175744553,12.3161528167,10.0,3.5,False
204,16,WAYPOINT_TURN,54.1757330376,12.3161807186,10.0,3.5,False
205,16,WAYPOINT_SPRAY,54.1757310928,12.3160934981,10.0,3.5,False
206,16,WAYPOINT_TURN,54.175718814,12.3160871592,10.0,3.5,False
207,16,WAYPOINT_SPRAY,54.1757215223,12.3162086205,10.0,3.5,False
208,16,WAYPOINT_TURN,54.1757100069,12.3162365223,10.0,3.5,False
209,16,WAYPOINT_SPRAY,54.1757066107,12.3160842118,10.0,3.5,False
210,16,WAYPOINT_TURN,54.1756946284,12.3160911739,10.0,3.5,False
211,16,WAYPOINT_SPRAY,54.1756984383,12.316262041,10.0,3.5,False
212,16,WAYPOINT_TURN,54.1756865204,12.3162718877,10.0,3.5,False
213,16,WAYPOINT_SPRAY,54.1756826462,12.3160981359,10.0,3.5,False
214,16,WAYPOINT_TURN,54.1756706639,12.3161050979,10.0,3.5,False
215,16,WAYPOINT_SPRAY,54.1756746024,12.3162817344,10.0,3.5,False
216,16,WAYPOINT_TURN,54.1756626844,12.3162915811,10.0,3.5,False
217,16,WAYPOINT_SPRAY,54.1756586816,12.31611206,10.0,3.5,False
218,16,WAYPOINT_TURN,54.1756466993,12.316119022,10.0,3.5,False
219,16,WAYPOINT_SPRAY,54.1756506952,12.3162982327,10.0,3.5,False
220,16,WAYPOINT_TURN,54.1756385829,12.3162993651,10.0,3.5,False
221,16,WAYPOINT_SPRAY,54.175634717,12.316125984,10.0,3.5,False
222,16,WAYPOINT_TURN,54.1756224864,12.3161218094,10.0,3.5,False
223,16,WAYPOINT_SPRAY,54.1756264707,12.3163004976,10.0,3.5,False
224,16,WAYPOINT_TURN,54.1756143584,12.31630163,10.0,3.5,False
225,16,WAYPOINT_SPRAY,54.1756102111,12.3161156278,10.0,3.5,False
226,16,WAYPOINT_TURN,54.1755979357,12.3161094462,10.0,3.5,False
227,16,WAYPOINT_SPRAY,54.1756022461,12.3163027624,10.0,3.5,False
228,16,WAYPOINT_TURN,54.1755901338,12.3163038948,10.0,3.5,False
229,16,WAYPOINT_SPRAY,54.1755856604,12.3161032647,10.0,3.5,False
230,16,WAYPOINT_TURN,54.175573385,12.3160970831,10.0,3.5,False
231,16,WAYPOINT_SPRAY,54.1755780216,12.3163050272,10.0,3.5,False
232,16,WAYPOINT_TURN,54.1755659093,12.3163061596,10.0,3.5,False
233,16,WAYPOINT_SPRAY,54.175561141,12.3160923084,10.0,3.5,False
234,16,WAYPOINT_TURN,54.1755490543,12.3160945887,10.0,3.5,False
235,16,WAYPOINT_SPRAY,54.1755536999,12.3163029376,10.0,3.5,False
236,16,WAYPOINT_TURN,54.1755413957,12.3162954587,10.0,3.5,False
237,16,WAYPOINT_SPRAY,54.1755369677,12.3160968691,10.0,3.5,False
238,16,WAYPOINT_TURN,54.175524881,12.3160991495,10.0,3.5,False
239,16,WAYPOINT_SPRAY,54.1755290914,12.3162879798,10.0,3.5,False
240,16,WAYPOINT_TURN,54.1755167871,12.3162805009,10.0,3.5,False
241,16,WAYPOINT_SPRAY,54.1755127943,12.3161014299,10.0,3.5,False
242,16,WAYPOINT_TURN,54.1755007076,12.3161037103,10.0,3.5,False
243,16,WAYPOINT_SPRAY,54.1755046256,12.3162794267,10.0,3.5,False
244,16,WAYPOINT_TURN,54.1754925848,12.3162837615,10.0,3.5,False
245,16,WAYPOINT_SPRAY,54.175488621,12.3161059907,10.0,3.5,False
246,16,WAYPOINT_TURN,54.1754765343,12.3161082711,10.0,3.5,False
247,16,WAYPOINT_SPRAY,54.1754805439,12.3162880962,10.0,3.5,False
248,16,WAYPOINT_TURN,54.175468503,12.3162924309,10.0,3.5,False
249,16,WAYPOINT_SPRAY,54.1754644476,12.3161105514,10.0,3.5,False
250,16,WAYPOINT_TURN,54.1754523609,12.3161128318,10.0,3.5,False
251,16,WAYPOINT_SPRAY,54.1754564622,12.3162967657,10.0,3.5,False
252,16,WAYPOINT_TURN,54.1754444213,12.3163011004,10.0,3.5,False
253,16,WAYPOINT_SPRAY,54.1754402901,12.3161158199,10.0,3.5,False
254,16,WAYPOINT_TURN,54.1754283293,12.316123747,10.0,3.5,False
255,16,WAYPOINT_SPRAY,54.1754323804,12.3163054351,10.0,3.5,False
256,16,WAYPOINT_TURN,54.1754203395,12.3163097698,10.0,3.5,False
257,16,WAYPOINT_SPRAY,54.1754163685,12.316131674,10.0,3.5,False
258,16,WAYPOINT_TURN,54.1754044078,12.316139601,10.0,3.5,False
259,16,WAYPOINT_SPRAY,54.1754082987,12.3163141045,10.0,3.5,False
260,16,WAYPOINT_TURN,54.1753962578,12.3163184393,10.0,3.5,False
261,16,WAYPOINT_SPRAY,54.175392447,12.316147528,10.0,3.5,False
262,16,WAYPOINT_TURN,54.1753804862,12.316155455,10.0,3.5,False
263,16,WAYPOINT_SPRAY,54.1753842169,12.316322774,10.0,3.5,False
264,16,WAYPOINT_TURN,54.175372176,12.3163271087,10.0,3.5,False
265,16,WAYPOINT_SPRAY,54.1753683185,12.3161540993,10.0,3.5,False
266,16,WAYPOINT_TURN,54.1753560905,12.3161500423,10.0,3.5,False
267,16,WAYPOINT_SPRAY,54.1753601352,12.3163314434,10.0,3.5,False
268,16,WAYPOINT_TURN,54.1753480943,12.3163357781,10.0,3.5,False
269,16,WAYPOINT_SPRAY,54.1753438625,12.3161459854,10.0,3.5,False
270,16,WAYPOINT_TURN,54.1753316345,12.3161419284,10.0,3.5,False
271,16,WAYPOINT_SPRAY,54.1753360534,12.3163401128,10.0,3.5,False
272,16,WAYPOINT_TURN,54.1753237632,12.316333263,10.0,3.5,False
273,16,WAYPOINT_SPRAY,54.1753196999,12.3161510286,10.0,3.5,False
274,16,WAYPOINT_TURN,54.1753080084,12.3161710325,10.0,3.5,False
275,16,WAYPOINT_SPRAY,54.1753112663,12.3163171445,10.0,3.5,False
276,16,WAYPOINT_TURN,54.1752987694,12.3163010259,10.0,3.5,False
277,16,WAYPOINT_SPRAY,54.1752963169,12.3161910364,10.0,3.5,False
278,16,WAYPOINT_TRANSIT,54.1751678587,12.3159947433,10.0,3.5,False
279,16,WAYPOINT_SPRAY,54.1751667925,12.3159469324,10.0,3.5,False
280,16,WAYPOINT_TURN,54.1751530117,12.3158732422,10.0,3.5,False
281,16,WAYPOINT_SPRAY,54.1751576003,12.3160790138,10.0,3.5,False
282,16,WAYPOINT_TURN,54.1751455839,12.3160844475,10.0,3.5,False
283,16,WAYPOINT_SPRAY,54.175140431,12.3158533675,10.0,3.5,False
284,16,WAYPOINT_TURN,54.1751279743,12.3158390533,10.0,3.5,False
285,16,WAYPOINT_SPRAY,54.1751335675,12.3160898812,10.0,3.5,False
286,16,WAYPOINT_TURN,54.1751215512,12.316095315,10.0,3.5,False
287,16,WAYPOINT_SPRAY,54.1751158976,12.3158417831,10.0,3.5,False
288,16,WAYPOINT_TURN,54.175103821,12.3158445129,10.0,3.5,False
289,16,WAYPOINT_SPRAY,54.1751095348,12.3161007487,10.0,3.5,False
290,16,WAYPOINT_TURN,54.1750975185,12.3161061824,10.0,3.5,False
291,16,WAYPOINT_SPRAY,54.1750917443,12.3158472427,10.0,3.5,False
292,16,WAYPOINT_TURN,54.1750796677,12.3158499724,10.0,3.5,False
293,16,WAYPOINT_SPRAY,54.1750848089,12.31608053,10.0,3.5,False
294,16,WAYPOINT_TURN,54.1750719378,12.3160476305,10.0,3.5,False
295,16,WAYPOINT_SPRAY,54.175067591,12.3158527022,10.0,3.5,False
296,16,WAYPOINT_TURN,54.1750557577,12.3158663425,10.0,3.5,False
297,16,WAYPOINT_SPRAY,54.1750590667,12.3160147311,10.0,3.5,False
298,16,WAYPOINT_TURN,54.1750448855,12.3159230859,10.0,3.5,False
299,16,WAYPOINT_SPRAY,54.1750440666,12.3158863629,10.0,3.5,False
300,16,WAYPOINT_TRANSIT,54.1747583972,12.3159917771,10.0,3.5,False
301,16,WAYPOINT_SPRAY,54.1747592357,12.3160293834,10.0,3.5,False
302,16,WAYPOINT_TURN,54.1747481907,12.3160783749,10.0,3.5,False
303,16,WAYPOINT_SPRAY,54.1747455156,12.3159584104,10.0,3.5,False
304,16,WAYPOINT_TURN,54.174732634,12.3159250438,10.0,3.5,False
305,16,WAYPOINT_SPRAY,54.1747370903,12.3161248898,10.0,3.5,False
306,16,WAYPOINT_TURN,54.1747253418,12.3161423362,10.0,3.5,False
307,16,WAYPOINT_SPRAY,54.1747198357,12.3158954114,10.0,3.5,False
308,16,WAYPOINT_TURN,54.174707333,12.3158790386,10.0,3.5,False
309,16,WAYPOINT_SPRAY,54.1747135933,12.3161597825,10.0,3.5,False
310,16,WAYPOINT_TURN,54.1747018448,12.3161772288,10.0,3.5,False
311,16,WAYPOINT_SPRAY,54.1746948304,12.3158626657,10.0,3.5,False
312,16,WAYPOINT_TURN,54.1746823278,12.3158462929,10.0,3.5,False
313,16,WAYPOINT_SPRAY,54.1746900963,12.3161946751,10.0,3.5,False
314,16,WAYPOINT_TURN,54.1746783478,12.3162121214,10.0,3.5,False
315,16,WAYPOINT_SPRAY,54.1746699132,12.3158338699,10.0,3.5,False
316,16,WAYPOINT_TURN,54.1746576839,12.3158297529,10.0,3.5,False
317,16,WAYPOINT_SPRAY,54.1746665993,12.3162295677,10.0,3.5,False
318,16,WAYPOINT_TURN,54.1746546069,12.3162360798,10.0,3.5,False
319,16,WAYPOINT_SPRAY,54.1746454545,12.3158256359,10.0,3.5,False
320,16,WAYPOINT_TURN,54.1746332252,12.3158215189,10.0,3.5,False
321,16,WAYPOINT_SPRAY,54.1746425977,12.3162418323,10.0,3.5,False
322,16,WAYPOINT_TURN,54.1746305884,12.3162475849,10.0,3.5,False
323,16,WAYPOINT_SPRAY,54.1746264117,12.3160602696,10.0,3.5,False
324,16,WAYPOINT_TURN,54.1746259611,12.3160400619,10.0,3.5,False
325,16,WAYPOINT_SPRAY,54.174621074,12.3158209077,10.0,3.5,False
326,16,WAYPOINT_TURN,54.1746090287,12.3158250432,10.0,3.5,False
327,16,WAYPOINT_SPRAY,54.1746123811,12.3159753729,10.0,3.5,False
328,16,WAYPOINT_TURN,54.1746147524,12.3160817145,10.0,3.5,False
329,16,WAYPOINT_SPRAY,54.1746185792,12.3162533374,10.0,3.5,False
330,16,WAYPOINT_TURN,54.1746065699,12.31625909,10.0,3.5,False
331,16,WAYPOINT_SPRAY,54.174603093,12.3161031595,10.0,3.5,False
332,16,WAYPOINT_TURN,54.1745999559,12.3159624744,10.0,3.5,False
333,16,WAYPOINT_SPRAY,54.1745969834,12.3158291787,10.0,3.5,False
334,16,WAYPOINT_TURN,54.1745849381,12.3158333143,10.0,3.5,False
335,16,WAYPOINT_SPRAY,54.1745875308,12.315949576,10.0,3.5,False
336,16,WAYPOINT_TURN,54.1745911643,12.3161125242,10.0,3.5,False
337,16,WAYPOINT_SPRAY,54.1745945606,12.3162648425,10.0,3.5,False
338,16,WAYPOINT_TURN,54.1745825514,12.316270595,10.0,3.5,False
339,16,WAYPOINT_SPRAY,54.174579129,12.3161171072,10.0,3.5,False
340,16,WAYPOINT_TURN,54.1745751056,12.3159366775,10.0,3.5,False
341,16,WAYPOINT_SPRAY,54.1745728928,12.3158374498,10.0,3.5,False
342,16,WAYPOINT_TURN,54.1745615627,12.3158736543,10.0,3.5,False
343,16,WAYPOINT_SPRAY,54.1745626805,12.3159237791,10.0,3.5,False
344,16,WAYPOINT_TURN,54.1745670937,12.3161216902,10.0,3.5,False
345,16,WAYPOINT_SPRAY,54.1745705421,12.3162763476,10.0,3.5,False
346,16,WAYPOINT_TURN,54.1745585329,12.3162821001,10.0,3.5,False
347,16,WAYPOINT_SPRAY,54.1745550583,12.3161262731,10.0,3.5,False
348,16,WAYPOINT_TURN,54.174543023,12.316130856,10.0,3.5,False
349,16,WAYPOINT_SPRAY,54.1745465236,12.3162878526,10.0,3.5,False
350,16,WAYPOINT_TURN,54.1745345144,12.3162936051,10.0,3.5,False
351,16,WAYPOINT_SPRAY,54.1745309877,12.316135439,10.0,3.5,False
352,16,WAYPOINT_TURN,54.1745189523,12.3161400219,10.0,3.5,False
353,16,WAYPOINT_SPRAY,54.1745225051,12.3162993576,10.0,3.5,False
354,16,WAYPOINT_TURN,54.1745102024,12.3162919507,10.0,3.5,False
355,16,WAYPOINT_SPRAY,54.174506917,12.3161446049,10.0,3.5,False
356,16,WAYPOINT_TURN,54.1744948817,12.3161491878,10.0,3.5,False
357,16,WAYPOINT_SPRAY,54.1744978465,12.316282154,10.0,3.5,False
358,16,WAYPOINT_TURN,54.1744851419,12.3162567218,10.0,3.5,False
359,16,WAYPOINT_SPRAY,54.1744834591,12.316181253,10.0,3.5,False
360,16,WAYPOINT_TRANSIT,54.1735394578,12.3152926525,10.0,3.5,False
361,16,WAYPOINT_SPRAY,54.173540074,12.3153202761,10.0,3.5,False
362,16,WAYPOINT_TURN,54.1735286298,12.3153513617,10.0,3.5,False
363,16,WAYPOINT_SPRAY,54.1735255936,12.3152152401,10.0,3.5,False
364,16,WAYPOINT_TURN,54.1735129206,12.3151912346,10.0,3.5,False
365,16,WAYPOINT_SPRAY,54.1735170124,12.3153746813,10.0,3.5,False
366,16,WAYPOINT_TURN,54.1735049154,12.3153764997,10.0,3.5,False
367,16,WAYPOINT_SPRAY,54.1735002476,12.315167229,10.0,3.5,False
368,16,WAYPOINT_TURN,54.1734877805,12.3151524556,10.0,3.5,False
369,16,WAYPOINT_SPRAY,54.1734928185,12.3153783181,10.0,3.5,False
370,16,WAYPOINT_TURN,54.1734807215,12.3153801364,10.0,3.5,False
371,16,WAYPOINT_SPRAY,54.1734756029,12.3151506587,10.0,3.5,False
372,16,WAYPOINT_TURN,54.1734634253,12.3151488617,10.0,3.5,False
373,16,WAYPOINT_SPRAY,54.1734686245,12.3153819548,10.0,3.5,False
374,16,WAYPOINT_TURN,54.1734565276,12.3153837731,10.0,3.5,False
375,16,WAYPOINT_SPRAY,54.1734515007,12.3151584069,10.0,3.5,False
376,16,WAYPOINT_TURN,54.1734396502,12.315171276,10.0,3.5,False
377,16,WAYPOINT_SPRAY,54.1734444306,12.3153855915,10.0,3.5,False
378,16,WAYPOINT_TURN,54.1734323336,12.3153874098,10.0,3.5,False
379,16,WAYPOINT_SPRAY,54.1734277997,12.3151841451,10.0,3.5,False
380,16,WAYPOINT_TURN,54.1734164104,12.3152176891,10.0,3.5,False
381,16,WAYPOINT_SPRAY,54.1734199366,12.3153757742,10.0,3.5,False
382,16,WAYPOINT_TURN,54.1734069526,12.3153378237,10.0,3.5,False
383,16,WAYPOINT_SPRAY,54.1734062539,12.3153065004,10.0,3.5,False
384,16,WAYPOINT_TRANSIT,54.1730964198,12.3150679227,10.0,3.5,False
385,16,WAYPOINT_SPRAY,54.1730970335,12.3150954316,10.0,3.5,False
386,16,WAYPOINT_TURN,54.1730858244,12.3151370545,10.0,3.5,False
387,16,WAYPOINT_SPRAY,54.1730836755,12.3150407187,10.0,3.5,False
388,16,WAYPOINT_TURN,54.1730709311,12.3150135146,10.0,3.5,False
389,16,WAYPOINT_SPRAY,54.1730746154,12.3151786775,10.0,3.5,False
390,16,WAYPOINT_TURN,54.1730629548,12.315200059,10.0,3.5,False
391,16,WAYPOINT_SPRAY,54.1730581867,12.3149863105,10.0,3.5,False
392,16,WAYPOINT_TURN,54.1730455716,12.3149649057,10.0,3.5,False
393,16,WAYPOINT_SPRAY,54.1730509382,12.3152054822,10.0,3.5,False
394,16,WAYPOINT_TURN,54.1730389217,12.3152109053,10.0,3.5,False
395,16,WAYPOINT_SPRAY,54.1730332527,12.3149567752,10.0,3.5,False
396,16,WAYPOINT_TURN,54.1730209338,12.3149486447,10.0,3.5,False
397,16,WAYPOINT_SPRAY,54.1730269051,12.3152163285,10.0,3.5,False
398,16,WAYPOINT_TURN,54.1730148885,12.3152217516,10.0,3.5,False
399,16,WAYPOINT_SPRAY,54.1730086149,12.3149405143,10.0,3.5,False
400,16,WAYPOINT_TURN,54.172996296,12.3149323839,10.0,3.5,False
401,16,WAYPOINT_SPRAY,54.173002872,12.3152271748,10.0,3.5,False
402,16,WAYPOINT_TURN,54.1729908554,12.3152325979,10.0,3.5,False
403,16,WAYPOINT_SPRAY,54.1729839771,12.3149242534,10.0,3.5,False
404,16,WAYPOINT_TURN,54.1729716685,12.314916583,10.0,3.5,False
405,16,WAYPOINT_SPRAY,54.1729788389,12.3152380211,10.0,3.5,False
406,16,WAYPOINT_TURN,54.1729668223,12.3152434442,10.0,3.5,False
407,16,WAYPOINT_SPRAY,54.17295971,12.3149246097,10.0,3.5,False
408,16,WAYPOINT_TURN,54.1729477515,12.3149326365,10.0,3.5,False
409,16,WAYPOINT_SPRAY,54.1729548057,12.3152488673,10.0,3.5,False
410,16,WAYPOINT_TURN,54.1729426579,12.3152484074,10.0,3.5,False
411,16,WAYPOINT_SPRAY,54.1729357931,12.3149406633,10.0,3.5,False
412,16,WAYPOINT_TURN,54.1729238346,12.31494869,10.0,3.5,False
413,16,WAYPOINT_SPRAY,54.1729304867,12.3152468974,10.0,3.5,False
414,16,WAYPOINT_TURN,54.1729183155,12.3152453874,10.0,3.5,False
415,16,WAYPOINT_SPRAY,54.1729118761,12.3149567168,10.0,3.5,False
416,16,WAYPOINT_TURN,54.1728999177,12.3149647436,10.0,3.5,False
417,16,WAYPOINT_SPRAY,54.1729061443,12.3152438774,10.0,3.5,False
418,16,WAYPOINT_TURN,54.1728937849,12.315233928,10.0,3.5,False
419,16,WAYPOINT_SPRAY,54.1728881237,12.3149801426,10.0,3.5,False
420,16,WAYPOINT_TURN,54.1728764301,12.3150000453,10.0,3.5,False
421,16,WAYPOINT_SPRAY,54.1728813396,12.3152201307,10.0,3.5,False
422,16,WAYPOINT_TURN,54.1728688943,12.3152063334,10.0,3.5,False
423,16,WAYPOINT_SPRAY,54.1728647366,12.3150199479,10.0,3.5,False
424,16,WAYPOINT_TURN,54.172853043,12.3150398505,10.0,3.5,False
425,16,WAYPOINT_SPRAY,54.1728561411,12.315178735,10.0,3.5,False
426,16,WAYPOINT_TURN,54.1728427273,12.3151215167,10.0,3.5,False
427,16,WAYPOINT_SPRAY,54.1728415757,12.3150698932,10.0,3.5,False
428,16,WAYPOINT_TRANSIT,54.1722746497,12.312970894,10.0,3.5,False
429,16,WAYPOINT_SPRAY,54.1722728045,12.3128882451,10.0,3.5,False
430,16,WAYPOINT_TURN,54.17228474,12.3128791957,10.0,3.5,False
431,16,WAYPOINT_SPRAY,54.1722870623,12.3129832182,10.0,3.5,False
432,16,WAYPOINT_TURN,54.172299475,12.3129955424,10.0,3.5,False
433,16,WAYPOINT_SPRAY,54.1722966755,12.3128701461,10.0,3.5,False
434,16,WAYPOINT_TURN,54.172308611,12.3128610966,10.0,3.5,False
435,16,WAYPOINT_SPRAY,54.1723116791,12.3129985236,10.0,3.5,False
436,16,WAYPOINT_TURN,54.1723237699,12.3129964301,10.0,3.5,False
437,16,WAYPOINT_SPRAY,54.1723203984,12.3128454125,10.0,3.5,False
438,16,WAYPOINT_TURN,54.1723319569,12.3128194769,10.0,3.5,False
439,16,WAYPOINT_SPRAY,54.1723358607,12.3129943365,10.0,3.5,False
440,16,WAYPOINT_TURN,54.1723479515,12.3129922429,10.0,3.5,False
441,16,WAYPOINT_SPRAY,54.1723435154,12.3127935412,10.0,3.5,False
442,16,WAYPOINT_TURN,54.1723552032,12.3127733999,10.0,3.5,False
443,16,WAYPOINT_SPRAY,54.1723600423,12.3129901494,10.0,3.5,False
444,16,WAYPOINT_TURN,54.1723721331,12.3129880558,10.0,3.5,False
445,16,WAYPOINT_SPRAY,54.1723671269,12.3127638229,10.0,3.5,False
446,16,WAYPOINT_TURN,54.1723790507,12.3127542458,10.0,3.5,False
447,16,WAYPOINT_SPRAY,54.1723842239,12.3129859622,10.0,3.5,False
448,16,WAYPOINT_TURN,54.1723963147,12.3129838687,10.0,3.5,False
449,16,WAYPOINT_SPRAY,54.1723910156,12.3127465135,10.0,3.5,False
450,16,WAYPOINT_TURN,54.1724031044,12.3127443315,10.0,3.5,False
451,16,WAYPOINT_SPRAY,54.1724084055,12.3129817751,10.0,3.5,False
452,16,WAYPOINT_TURN,54.1724204963,12.3129796815,10.0,3.5,False
453,16,WAYPOINT_SPRAY,54.1724151932,12.3127421495,10.0,3.5,False
454,16,WAYPOINT_TURN,54.172427282,12.3127399675,10.0,3.5,False
455,16,WAYPOINT_SPRAY,54.1724325299,12.3129750241,10.0,3.5,False
456,16,WAYPOINT_TURN,54.1724443491,12.3129607651,10.0,3.5,False
457,16,WAYPOINT_SPRAY,54.1724393708,12.3127377855,10.0,3.5,False
458,16,WAYPOINT_TURN,54.172451795,12.3127506242,10.0,3.5,False
459,16,WAYPOINT_SPRAY,54.1724561683,12.312946506,10.0,3.5,False
460,16,WAYPOINT_TURN,54.1724677302,12.312920722,10.0,3.5,False
461,16,WAYPOINT_SPRAY,54.1724648125,12.3127900386,10.0,3.5,False
462,16,WAYPOINT_TRANSIT,54.1722409978,12.3122643233,10.0,3.5,False
463,16,WAYPOINT_SPRAY,54.1722416095,12.3122917179,10.0,3.5,False
464,16,WAYPOINT_TURN,54.1722572149,12.3124470181,10.0,3.5,False
465,16,WAYPOINT_SPRAY,54.1722521951,12.31222222,10.0,3.5,False
466,16,WAYPOINT_TURN,54.1722640438,12.3122092882,10.0,3.5,False
467,16,WAYPOINT_SPRAY,54.1722697604,12.3124652914,10.0,3.5,False
468,16,WAYPOINT_TURN,54.172282144,12.3124763101,10.0,3.5,False
469,16,WAYPOINT_SPRAY,54.1722759271,12.3121979009,10.0,3.5,False
470,16,WAYPOINT_TURN,54.1722878103,12.3121865135,10.0,3.5,False
471,16,WAYPOINT_SPRAY,54.1722945276,12.3124873288,10.0,3.5,False
472,16,WAYPOINT_TURN,54.1723069112,12.3124983474,10.0,3.5,False
473,16,WAYPOINT_SPRAY,54.1722996936,12.3121751261,10.0,3.5,False
474,16,WAYPOINT_TURN,54.1723115768,12.3121637387,10.0,3.5,False
475,16,WAYPOINT_SPRAY,54.1723190665,12.3124991446,10.0,3.5,False
476,16,WAYPOINT_TURN,54.1723311605,12.3124971922,10.0,3.5,False
477,16,WAYPOINT_SPRAY,54.1723237229,12.3121641222,10.0,3.5,False
478,16,WAYPOINT_TURN,54.172335889,12.3121654018,10.0,3.5,False
479,16,WAYPOINT_SPRAY,54.1723432544,12.3124952398,10.0,3.5,False
480,16,WAYPOINT_TURN,54.1723553483,12.3124932874,10.0,3.5,False
481,16,WAYPOINT_SPRAY,54.1723480551,12.3121666813,10.0,3.5,False
482,16,WAYPOINT_TURN,54.1723602213,12.3121679609,10.0,3.5,False
483,16,WAYPOINT_SPRAY,54.1723674423,12.312491335,10.0,3.5,False
484,16,WAYPOINT_TURN,54.1723795362,12.3124893825,10.0,3.5,False
485,16,WAYPOINT_SPRAY,54.1723723874,12.3121692404,10.0,3.5,False
486,16,WAYPOINT_TURN,54.1723845535,12.31217052,10.0,3.5,False
487,16,WAYPOINT_SPRAY,54.1723916302,12.3124874301,10.0,3.5,False
488,16,WAYPOINT_TURN,54.1724037241,12.3124854777,10.0,3.5,False
489,16,WAYPOINT_SPRAY,54.1723967196,12.3121717995,10.0,3.5,False
490,16,WAYPOINT_TURN,54.1724088857,12.3121730791,10.0,3.5,False
491,16,WAYPOINT_SPRAY,54.172415675,12.312477117,10.0,3.5,False
492,16,WAYPOINT_TURN,54.1724275291,12.3124644258,10.0,3.5,False
493,16,WAYPOINT_SPRAY,54.1724210518,12.3121743587,10.0,3.5,False
494,16,WAYPOINT_TURN,54.1724332179,12.3121756382,10.0,3.5,False
495,16,WAYPOINT_SPRAY,54.1724393833,12.3124517346,10.0,3.5,False
496,16,WAYPOINT_TURN,54.1724512374,12.3124390435,10.0,3.5,False
497,16,WAYPOINT_SPRAY,54.1724453841,12.3121769178,10.0,3.5,False
498,16,WAYPOINT_TURN,54.1724574276,12.3121727078,10.0,3.5,False
499,16,WAYPOINT_SPRAY,54.1724630916,12.3124263523,10.0,3.5,False
500,16,WAYPOINT_TURN,54.1724749457,12.3124136611,10.0,3.5,False
501,16,WAYPOINT_SPRAY,54.1724694184,12.312166137,10.0,3.5,False
502,16,WAYPOINT_TURN,54.1724814092,12.3121595663,10.0,3.5,False
503,16,WAYPOINT_SPRAY,54.1724867999,12.3124009699,10.0,3.5,False
504,16,WAYPOINT_TURN,54.172498654,12.3123882787,10.0,3.5,False
505,16,WAYPOINT_SPRAY,54.1724934,12.3121529956,10.0,3.5,False
506,16,WAYPOINT_TURN,54.1725053908,12.3121464249,10.0,3.5,False
507,16,WAYPOINT_SPRAY,54.1725106981,12.3123840925,10.0,3.5,False
508,16,WAYPOINT_TURN,54.1725227891,12.3123820083,10.0,3.5,False
509,16,WAYPOINT_SPRAY,54.1725175683,12.3121482124,10.0,3.5,False
510,16,WAYPOINT_TURN,54.1725298096,12.3121528626,10.0,3.5,False
511,16,WAYPOINT_SPRAY,54.1725348801,12.3123799241,10.0,3.5,False
512,16,WAYPOINT_TURN,54.1725469711,12.3123778399,10.0,3.5,False
513,16,WAYPOINT_SPRAY,54.172542051,12.3121575128,10.0,3.5,False
514,16,WAYPOINT_TURN,54.1725542924,12.312162163,10.0,3.5,False
515,16,WAYPOINT_SPRAY,54.1725590621,12.3123757558,10.0,3.5,False
516,16,WAYPOINT_TURN,54.1725711531,12.3123736716,10.0,3.5,False
517,16,WAYPOINT_SPRAY,54.1725663469,12.3121584435,10.0,3.5,False
518,16,WAYPOINT_TURN,54.1725783975,12.3121545493,10.0,3.5,False
519,16,WAYPOINT_SPRAY,54.1725832441,12.3123715874,10.0,3.5,False
520,16,WAYPOINT_TURN,54.1725953351,12.3123695033,10.0,3.5,False
521,16,WAYPOINT_SPRAY,54.172590448,12.312150655,10.0,3.5,False
522,16,WAYPOINT_TURN,54.1726024986,12.3121467608,10.0,3.5,False
523,16,WAYPOINT_SPRAY,54.1726074261,12.3123674191,10.0,3.5,False
524,16,WAYPOINT_TURN,54.1726195171,12.3123653349,10.0,3.5,False
525,16,WAYPOINT_SPRAY,54.1726145492,12.3121428665,10.0,3.5,False
526,16,WAYPOINT_TURN,54.1726265998,12.3121389723,10.0,3.5,False
527,16,WAYPOINT_SPRAY,54.1726316081,12.3123632507,10.0,3.5,False
528,16,WAYPOINT_TURN,54.1726436991,12.3123611665,10.0,3.5,False
529,16,WAYPOINT_SPRAY,54.1726386503,12.312135078,10.0,3.5,False
530,16,WAYPOINT_TURN,54.1726506223,12.3121276623,10.0,3.5,False
531,16,WAYPOINT_SPRAY,54.1726557687,12.3123581233,10.0,3.5,False
532,16,WAYPOINT_TURN,54.1726677437,12.3123508443,10.0,3.5,False
533,16,WAYPOINT_SPRAY,54.1726625201,12.3121169292,10.0,3.5,False
534,16,WAYPOINT_TURN,54.172674418,12.3121061961,10.0,3.5,False
535,16,WAYPOINT_SPRAY,54.1726797186,12.3123435653,10.0,3.5,False
536,16,WAYPOINT_TURN,54.1726916936,12.3123362863,10.0,3.5,False
537,16,WAYPOINT_SPRAY,54.1726863158,12.312095463,10.0,3.5,False
538,16,WAYPOINT_TURN,54.1726986277,12.3121032713,10.0,3.5,False
539,16,WAYPOINT_SPRAY,54.1727036686,12.3123290073,10.0,3.5,False
540,16,WAYPOINT_TURN,54.1727156436,12.3123217283,10.0,3.5,False
541,16,WAYPOINT_SPRAY,54.1727109625,12.312112102,10.0,3.5,False
542,16,WAYPOINT_TURN,54.1727232972,12.3121209327,10.0,3.5,False
543,16,WAYPOINT_SPRAY,54.1727276186,12.3123144493,10.0,3.5,False
544,16,WAYPOINT_TURN,54.1727394168,12.3122992511,10.0,3.5,False
545,16,WAYPOINT_SPRAY,54.1727358697,12.3121404087,10.0,3.5,False
546,16,WAYPOINT_TURN,54.1727502478,12.3122407415,10.0,3.5,False
547,16,WAYPOINT_SPRAY,54.17275068,12.3122600986,10.0,3.5,False
548,16,WAYPOINT_TRANSIT,54.1740708544,12.3138275883,10.0,3.5,False
549,16,WAYPOINT_SPRAY,54.1740723609,12.3138950926,10.0,3.5,False
550,16,WAYPOINT_TURN,54.174085245,12.3139285479,10.0,3.5,False
551,16,WAYPOINT_SPRAY,54.1740789783,12.3136477539,10.0,3.5,False
552,16,WAYPOINT_TURN,54.1740901351,12.3136038111,10.0,3.5,False
553,16,WAYPOINT_SPRAY,54.1740981291,12.3139620032,10.0,3.5,False
554,16,WAYPOINT_TURN,54.1741110133,12.3139954585,10.0,3.5,False
555,16,WAYPOINT_SPRAY,54.1741018536,12.3135850348,10.0,3.5,False
556,16,WAYPOINT_TURN,54.1741136515,12.3135698201,10.0,3.5,False
557,16,WAYPOINT_SPRAY,54.1741238974,12.3140289138,10.0,3.5,False
558,16,WAYPOINT_TURN,54.1741367815,12.3140623692,10.0,3.5,False
559,16,WAYPOINT_SPRAY,54.1741254495,12.3135546053,10.0,3.5,False
560,16,WAYPOINT_TURN,54.1741372474,12.3135393905,10.0,3.5,False
561,16,WAYPOINT_SPRAY,54.1741496656,12.3140958246,10.0,3.5,False
562,16,WAYPOINT_TURN,54.1741624513,12.3141248721,10.0,3.5,False
563,16,WAYPOINT_SPRAY,54.1741492529,12.3135334761,10.0,3.5,False
564,16,WAYPOINT_TURN,54.1741613729,12.3135326901,10.0,3.5,False
565,16,WAYPOINT_SPRAY,54.1741747954,12.3141341291,10.0,3.5,False
566,16,WAYPOINT_TURN,54.1741871395,12.3141433862,10.0,3.5,False
567,16,WAYPOINT_SPRAY,54.174173518,12.3135330293,10.0,3.5,False
568,16,WAYPOINT_TURN,54.174185825,12.3135406188,10.0,3.5,False
569,16,WAYPOINT_SPRAY,54.1741994836,12.3141526432,10.0,3.5,False
570,16,WAYPOINT_TURN,54.1742118277,12.3141619002,10.0,3.5,False
571,16,WAYPOINT_SPRAY,54.1741981319,12.3135482083,10.0,3.5,False
572,16,WAYPOINT_TURN,54.1742104388,12.3135557979,10.0,3.5,False
573,16,WAYPOINT_SPRAY,54.1742243803,12.3141805009,10.0,3.5,False
574,16,WAYPOINT_TURN,54.1742372139,12.314211695,10.0,3.5,False
575,16,WAYPOINT_SPRAY,54.1742227457,12.3135633874,10.0,3.5,False
576,16,WAYPOINT_TURN,54.1742350527,12.3135709769,10.0,3.5,False
577,16,WAYPOINT_SPRAY,54.1742500475,12.314242889,10.0,3.5,False
578,16,WAYPOINT_TURN,54.1742628811,12.3142740831,10.0,3.5,False
579,16,WAYPOINT_SPRAY,54.1742473596,12.3135785665,10.0,3.5,False
580,16,WAYPOINT_TURN,54.1742596665,12.313586156,10.0,3.5,False
581,16,WAYPOINT_SPRAY,54.1742757146,12.3143052772,10.0,3.5,False
582,16,WAYPOINT_TURN,54.1742883276,12.3143265837,10.0,3.5,False
583,16,WAYPOINT_SPRAY,54.1742719734,12.3135937455,10.0,3.5,False
584,16,WAYPOINT_TURN,54.1742842804,12.3136013351,10.0,3.5,False
585,16,WAYPOINT_SPRAY,54.1743007957,12.3143413981,10.0,3.5,False
586,16,WAYPOINT_TURN,54.1743132637,12.3143562124,10.0,3.5,False
587,16,WAYPOINT_SPRAY,54.1742966746,12.3136128362,10.0,3.5,False
588,16,WAYPOINT_TURN,54.1743092256,12.3136313624,10.0,3.5,False
589,16,WAYPOINT_SPRAY,54.1743255863,12.314364505,10.0,3.5,False
590,16,WAYPOINT_TURN,54.1743376576,12.3143615379,10.0,3.5,False
591,16,WAYPOINT_SPRAY,54.1743217766,12.3136498887,10.0,3.5,False
592,16,WAYPOINT_TURN,54.1743343276,12.313668415,10.0,3.5,False
593,16,WAYPOINT_SPRAY,54.1743497289,12.3143585707,10.0,3.5,False
594,16,WAYPOINT_TURN,54.1743618003,12.3143556035,10.0,3.5,False
595,16,WAYPOINT_SPRAY,54.1743468786,12.3136869413,10.0,3.5,False
596,16,WAYPOINT_TURN,54.1743594297,12.3137054676,10.0,3.5,False
597,16,WAYPOINT_SPRAY,54.1743738716,12.3143526364,10.0,3.5,False
598,16,WAYPOINT_TURN,54.1743859429,12.3143496692,10.0,3.5,False
599,16,WAYPOINT_SPRAY,54.1743722066,12.3137341156,10.0,3.5,False
600,16,WAYPOINT_TURN,54.1743855636,12.3137887578,10.0,3.5,False
601,16,WAYPOINT_SPRAY,54.1743980142,12.314346702,10.0,3.5,False
602,16,WAYPOINT_TURN,54.1744100856,12.3143437348,10.0,3.5,False
603,16,WAYPOINT_SPRAY,54.1743989206,12.3138434002,10.0,3.5,False
604,16,WAYPOINT_TURN,54.1744118446,12.3138786423,10.0,3.5,False
605,16,WAYPOINT_SPRAY,54.1744221569,12.3143407677,10.0,3.5,False
606,16,WAYPOINT_TURN,54.1744342282,12.3143378005,10.0,3.5,False
607,16,WAYPOINT_SPRAY,54.1744244445,12.3138993593,10.0,3.5,False
608,16,WAYPOINT_TURN,54.1744370443,12.3139200763,10.0,3.5,False
609,16,WAYPOINT_SPRAY,54.1744462995,12.3143348333,10.0,3.5,False
610,16,WAYPOINT_TURN,54.1744578627,12.3143090922,10.0,3.5,False
611,16,WAYPOINT_SPRAY,54.1744541745,12.3141438034,10.0,3.5,False
612,16,WAYPOINT_TURN,54.1744683525,12.3142352482,10.0,3.5,False
613,16,WAYPOINT_SPRAY,54.1744692392,12.3142749845,10.0,3.5,False
614,16,WAYPOINT_TRANSIT,54.1762495253,12.3176883949,10.0,3.5,False
615,16,WAYPOINT_SPRAY,54.1762509265,12.3177512747,10.0,3.5,False
616,16,WAYPOINT_TURN,54.1762637792,12.3177833672,10.0,3.5,False
617,16,WAYPOINT_SPRAY,54.1762608775,12.317653157,10.0,3.5,False
618,16,WAYPOINT_TURN,54.1762724796,12.317629129,10.0,3.5,False
619,16,WAYPOINT_SPRAY,54.1762766318,12.3178154597,10.0,3.5,False
620,16,WAYPOINT_TURN,54.1762894845,12.3178475523,10.0,3.5,False
621,16,WAYPOINT_SPRAY,54.176284202,12.3176105052,10.0,3.5,False
622,16,WAYPOINT_TURN,54.1762961627,12.3176025686,10.0,3.5,False
623,16,WAYPOINT_SPRAY,54.1763023371,12.3178796449,10.0,3.5,False
624,16,WAYPOINT_TURN,54.1763151897,12.3179117375,10.0,3.5,False
625,16,WAYPOINT_SPRAY,54.1763081233,12.317594632,10.0,3.5,False
626,16,WAYPOINT_TURN,54.176320084,12.3175866955,10.0,3.5,False
627,16,WAYPOINT_SPRAY,54.1763280424,12.3179438301,10.0,3.5,False
628,16,WAYPOINT_TURN,54.176340895,12.3179759227,10.0,3.5,False
629,16,WAYPOINT_SPRAY,54.1763320446,12.3175787589,10.0,3.5,False
630,16,WAYPOINT_TURN,54.1763438124,12.3175621688,10.0,3.5,False
631,16,WAYPOINT_SPRAY,54.1763534671,12.3179954256,10.0,3.5,False
632,16,WAYPOINT_TURN,54.1763657734,12.3180030036,10.0,3.5,False
633,16,WAYPOINT_SPRAY,54.1763547208,12.3175070139,10.0,3.5,False
634,16,WAYPOINT_TURN,54.1763459526,12.317113605,10.0,3.5,False
635,16,WAYPOINT_SPRAY,54.1763452254,12.3170809818,10.0,3.5,False
636,16,WAYPOINT_TURN,54.1763560764,12.3170232653,10.0,3.5,False
637,16,WAYPOINT_SPRAY,54.1763586654,12.3171394176,10.0,3.5,False
638,16,WAYPOINT_TURN,54.1763662134,12.3174780768,10.0,3.5,False
639,16,WAYPOINT_SPRAY,54.1763780798,12.3180105815,10.0,3.5,False
640,16,WAYPOINT_TURN,54.1763902251,12.3180109296,10.0,3.5,False
641,16,WAYPOINT_SPRAY,54.1763777512,12.3174511693,10.0,3.5,False
642,16,WAYPOINT_TURN,54.1763713783,12.3171652302,10.0,3.5,False
643,16,WAYPOINT_SPRAY,54.1763669274,12.3169655488,10.0,3.5,False
644,16,WAYPOINT_TURN,54.176378254,12.3169291702,10.0,3.5,False
645,16,WAYPOINT_SPRAY,54.1763840911,12.3171910429,10.0,3.5,False
646,16,WAYPOINT_TURN,54.1763892891,12.3174242618,10.0,3.5,False
647,16,WAYPOINT_SPRAY,54.1764023135,12.3180087254,10.0,3.5,False
648,16,WAYPOINT_TURN,54.1764144019,12.3180065213,10.0,3.5,False
649,16,WAYPOINT_SPRAY,54.1764008269,12.3173973542,10.0,3.5,False
650,16,WAYPOINT_TURN,54.176396804,12.3172168555,10.0,3.5,False
651,16,WAYPOINT_SPRAY,54.1763902431,12.316922511,10.0,3.5,False
652,16,WAYPOINT_TURN,54.1764022322,12.3169158519,10.0,3.5,False
653,16,WAYPOINT_SPRAY,54.1764095168,12.3172426682,10.0,3.5,False
654,16,WAYPOINT_TURN,54.1764123647,12.3173704466,10.0,3.5,False
655,16,WAYPOINT_SPRAY,54.1764264903,12.3180043171,10.0,3.5,False
656,16,WAYPOINT_TURN,54.1764385787,12.318002113,10.0,3.5,False
657,16,WAYPOINT_SPRAY,54.1764142213,12.3169091928,10.0,3.5,False
658,16,WAYPOINT_TURN,54.1764262104,12.3169025336,10.0,3.5,False
659,16,WAYPOINT_SPRAY,54.1764506671,12.3179999088,10.0,3.5,False
660,16,WAYPOINT_TURN,54.1764627555,12.3179977047,10.0,3.5,False
661,16,WAYPOINT_SPRAY,54.1764381994,12.3168958745,10.0,3.5,False
662,16,WAYPOINT_TURN,54.1764501885,12.3168892153,10.0,3.5,False
663,16,WAYPOINT_SPRAY,54.1764748439,12.3179955005,10.0,3.5,False
664,16,WAYPOINT_TURN,54.1764869589,12.3179944936,10.0,3.5,False
665,16,WAYPOINT_SPRAY,54.1764622545,12.3168860047,10.0,3.5,False
666,16,WAYPOINT_TURN,54.1764743566,12.3168844173,10.0,3.5,False
667,16,WAYPOINT_SPRAY,54.1764993597,12.3180063069,10.0,3.5,False
668,16,WAYPOINT_TURN,54.1765117604,12.3180181201,10.0,3.5,False
669,16,WAYPOINT_SPRAY,54.1764864587,12.3168828299,10.0,3.5,False
670,16,WAYPOINT_TURN,54.1764985609,12.3168812425,10.0,3.5,False
671,16,WAYPOINT_SPRAY,54.1765243235,12.3180372217,10.0,3.5,False
672,16,WAYPOINT_TURN,54.176537155,12.3180683673,10.0,3.5,False
673,16,WAYPOINT_SPRAY,54.176510663,12.3168796551,10.0,3.5,False
674,16,WAYPOINT_TURN,54.1765227651,12.3168780677,10.0,3.5,False
675,16,WAYPOINT_SPRAY,54.1765499865,12.3180995128,10.0,3.5,False
676,16,WAYPOINT_TURN,54.1765624497,12.3181141288,10.0,3.5,False
677,16,WAYPOINT_SPRAY,54.1765348673,12.3168764803,10.0,3.5,False
678,16,WAYPOINT_TURN,54.1765474161,12.3168949317,10.0,3.5,False
679,16,WAYPOINT_SPRAY,54.1765744982,12.3181101365,10.0,3.5,False
680,16,WAYPOINT_TURN,54.1765865468,12.3181061442,10.0,3.5,False
681,16,WAYPOINT_SPRAY,54.1765600282,12.3169162225,10.0,3.5,False
682,16,WAYPOINT_TURN,54.1765726403,12.3169375133,10.0,3.5,False
683,16,WAYPOINT_SPRAY,54.1765985954,12.3181021519,10.0,3.5,False
684,16,WAYPOINT_TURN,54.1766106439,12.3180981596,10.0,3.5,False
685,16,WAYPOINT_SPRAY,54.1765852524,12.3169588042,10.0,3.5,False
686,16,WAYPOINT_TURN,54.1766014105,12.3171391806,10.0,3.5,False
687,16,WAYPOINT_SPRAY,54.1766048921,12.3172953892,10.0,3.5,False
688,16,WAYPOINT_TURN,54.1766058454,12.3173381605,10.0,3.5,False
689,16,WAYPOINT_SPRAY,54.1766226925,12.3180941673,10.0,3.5,False
690,16,WAYPOINT_TURN,54.176634741,12.318090175,10.0,3.5,False
691,16,WAYPOINT_SPRAY,54.1766185375,12.317363045,10.0,3.5,False
692,16,WAYPOINT_TURN,54.1766311456,12.3173841596,10.0,3.5,False
693,16,WAYPOINT_SPRAY,54.1766467896,12.3180861827,10.0,3.5,False
694,16,WAYPOINT_TURN,54.1766588382,12.3180821904,10.0,3.5,False
695,16,WAYPOINT_SPRAY,54.1766544515,12.3178853201,10.0,3.5,False
696,16,WAYPOINT_TURN,54.1766530209,12.3178211184,10.0,3.5,False
697,16,WAYPOINT_SPRAY,54.1766434258,12.3173905611,10.0,3.5,False
698,16,WAYPOINT_TURN,54.176655706,12.3173969625,10.0,3.5,False
699,16,WAYPOINT_SPRAY,54.1766636341,12.3177527165,10.0,3.5,False
700,16,WAYPOINT_TURN,54.1766673465,12.3179193141,10.0,3.5,False
701,16,WAYPOINT_SPRAY,54.1766708867,12.3180781981,10.0,3.5,False
702,16,WAYPOINT_TURN,54.1766829353,12.3180742058,10.0,3.5,False
703,16,WAYPOINT_SPRAY,54.1766795776,12.3179235165,10.0,3.5,False
704,16,WAYPOINT_TURN,54.1766745295,12.3176969738,10.0,3.5,False
705,16,WAYPOINT_SPRAY,54.1766679862,12.317403364,10.0,3.5,False
706,16,WAYPOINT_TURN,54.1766802664,12.3174097655,10.0,3.5,False
707,16,WAYPOINT_SPRAY,54.1766857995,12.317658046,10.0,3.5,False
708,16,WAYPOINT_TURN,54.1766918088,12.3179277188,10.0,3.5,False
709,16,WAYPOINT_SPRAY,54.1766949838,12.3180702135,10.0,3.5,False
710,16,WAYPOINT_TURN,54.1767070324,12.3180662211,10.0,3.5,False
711,16,WAYPOINT_SPRAY,54.1767040399,12.3179319212,10.0,3.5,False
712,16,WAYPOINT_TURN,54.1766970695,12.3176191181,10.0,3.5,False
713,16,WAYPOINT_SPRAY,54.1766932258,12.3174466441,10.0,3.5,False
714,16,WAYPOINT_TURN,54.1767065575,12.3175002298,10.0,3.5,False
715,16,WAYPOINT_SPRAY,54.1767083395,12.3175801902,10.0,3.5,False
716,16,WAYPOINT_TURN,54.1767162711,12.3179361235,10.0,3.5,False
717,16,WAYPOINT_SPRAY,54.176719081,12.3180622288,10.0,3.5,False
718,16,WAYPOINT_TURN,54.1767311275,12.3180581442,10.0,3.5,False
719,16,WAYPOINT_SPRAY,54.1767285022,12.3179403259,10.0,3.5,False
720,16,WAYPOINT_TURN,54.1767409752,12.31795538,10.0,3.5,False
721,16,WAYPOINT_SPRAY,54.1767426001,12.3180283052,10.0,3.5,False
722,16,WAYPOINT_TRANSIT,54.1771306025,12.3187354542,10.0,3.5,False
723,16,WAYPOINT_SPRAY,54.1771311606,12.3187605073,10.0,3.5,False
724,16,WAYPOINT_TURN,54.1771444806,12.3188135942,10.0,3.5,False
725,16,WAYPOINT_SPRAY,54.1771419017,12.3186978206,10.0,3.5,False
726,16,WAYPOINT_TURN,54.1771532009,12.3186601869,10.0,3.5,False
727,16,WAYPOINT_SPRAY,54.1771570467,12.318832835,10.0,3.5,False
728,16,WAYPOINT_TURN,54.1771696128,12.3188520759,10.0,3.5,False
729,16,WAYPOINT_SPRAY,54.1771645,12.3186225533,10.0,3.5,False
730,16,WAYPOINT_TURN,54.1771757992,12.3185849196,10.0,3.5,False
731,16,WAYPOINT_SPRAY,54.1771821789,12.3188713168,10.0,3.5,False
732,16,WAYPOINT_TURN,54.1771945047,12.31887977,10.0,3.5,False
733,16,WAYPOINT_SPRAY,54.1771870983,12.3185472859,10.0,3.5,False
734,16,WAYPOINT_TURN,54.1771983975,12.3185096522,10.0,3.5,False
735,16,WAYPOINT_SPRAY,54.1772066247,12.3188789855,10.0,3.5,False
736,16,WAYPOINT_TURN,54.1772187448,12.318878201,10.0,3.5,False
737,16,WAYPOINT_SPRAY,54.1772102205,12.3184955364,10.0,3.5,False
738,16,WAYPOINT_TURN,54.17722228,12.3184920332,10.0,3.5,False
739,16,WAYPOINT_SPRAY,54.1772306044,12.318865724,10.0,3.5,False
740,16,WAYPOINT_TURN,54.1772418615,12.3188262,10.0,3.5,False
741,16,WAYPOINT_SPRAY,54.1772343897,12.3184907877,10.0,3.5,False
742,16,WAYPOINT_TURN,54.1772467304,12.3184999091,10.0,3.5,False
743,16,WAYPOINT_SPRAY,54.1772531186,12.3187866759,10.0,3.5,False
744,16,WAYPOINT_TURN,54.1772643757,12.3187471518,10.0,3.5,False
745,16,WAYPOINT_SPRAY,54.1772590712,12.3185090305,10.0,3.5,False
746,16,WAYPOINT_TURN,54.1772714119,12.3185181519,10.0,3.5,False
747,16,WAYPOINT_SPRAY,54.1772756328,12.3187076277,10.0,3.5,False
748,16,WAYPOINT_TURN,54.1772868898,12.3186681036,10.0,3.5,False
749,16,WAYPOINT_SPRAY,54.1772837526,12.3185272734,10.0,3.5,False
750,16,WAYPOINT_TURN,54.1772963055,12.3185459218,10.0,3.5,False
751,16,WAYPOINT_SPRAY,54.1772981469,12.3186285794,10.0,3.5,False
752,16,WAYPOINT_TRANSIT,54.1780146954,12.3154420236,10.0,3.5,False
753,16,WAYPOINT_SPRAY,54.1780165708,12.3155261139,10.0,3.5,False
754,16,WAYPOINT_TURN,54.178029271,12.3155513444,10.0,3.5,False
755,16,WAYPOINT_SPRAY,54.1780261904,12.3154132177,10.0,3.5,False
756,16,WAYPOINT_TURN,54.1780376855,12.3153844119,10.0,3.5,False
757,16,WAYPOINT_SPRAY,54.1780416214,12.3155608897,10.0,3.5,False
758,16,WAYPOINT_TURN,54.1780537707,12.3155614161,10.0,3.5,False
759,16,WAYPOINT_SPRAY,54.1780491805,12.3153556061,10.0,3.5,False
760,16,WAYPOINT_TURN,54.1780606756,12.3153268002,10.0,3.5,False
761,16,WAYPOINT_SPRAY,54.1780657859,12.3155559348,10.0,3.5,False
762,16,WAYPOINT_TURN,54.1780778012,12.3155504536,10.0,3.5,False
763,16,WAYPOINT_SPRAY,54.1780723459,12.3153058531,10.0,3.5,False
764,16,WAYPOINT_TURN,54.1780844492,12.3153043207,10.0,3.5,False
765,16,WAYPOINT_SPRAY,54.1780895642,12.3155336594,10.0,3.5,False
766,16,WAYPOINT_TURN,54.1781012157,12.3155118681,10.0,3.5,False
767,16,WAYPOINT_SPRAY,54.1780965526,12.3153027884,10.0,3.5,False
768,16,WAYPOINT_TURN,54.1781086559,12.315301256,10.0,3.5,False
769,16,WAYPOINT_SPRAY,54.1781128672,12.3154900767,10.0,3.5,False
770,16,WAYPOINT_TURN,54.1781245188,12.3154682854,10.0,3.5,False
771,16,WAYPOINT_SPRAY,54.1781207593,12.3152997237,10.0,3.5,False
772,16,WAYPOINT_TURN,54.1781328626,12.3152981913,10.0,3.5,False
773,16,WAYPOINT_SPRAY,54.178135902,12.3154344671,10.0,3.5,False
774,16,WAYPOINT_TURN,54.1781471861,12.3153962026,10.0,3.5,False
775,16,WAYPOINT_SPRAY,54.1781455168,12.315321357,10.0,3.5,False
776,16,WAYPOINT_TRANSIT,54.1778082779,12.3143123047,10.0,3.5,False
777,16,WAYPOINT_SPRAY,54.17780755,12.3142796837,10.0,3.5,False
778,16,WAYPOINT_TURN,54.1777946165,12.3142440109,10.0,3.5,False
779,16,WAYPOINT_SPRAY,54.1777970607,12.3143535523,10.0,3.5,False
780,16,WAYPOINT_TURN,54.1777853385,12.3143721698,10.0,3.5,False
781,16,WAYPOINT_SPRAY,54.1777823138,12.3142366067,10.0,3.5,False
782,16,WAYPOINT_TURN,54.1777700111,12.3142292025,10.0,3.5,False
783,16,WAYPOINT_SPRAY,54.1777735156,12.3143862706,10.0,3.5,False
784,16,WAYPOINT_TURN,54.1777616927,12.3144003715,10.0,3.5,False
785,16,WAYPOINT_SPRAY,54.1777577083,12.3142217983,10.0,3.5,False
786,16,WAYPOINT_TURN,54.1777454056,12.3142143941,10.0,3.5,False
787,16,WAYPOINT_SPRAY,54.1777501432,12.314426727,10.0,3.5,False
788,16,WAYPOINT_TURN,54.1777386379,12.3144550611,10.0,3.5,False
789,16,WAYPOINT_SPRAY,54.1777331029,12.3142069899,10.0,3.5,False
790,16,WAYPOINT_TURN,54.1777208001,12.3141995857,10.0,3.5,False
791,16,WAYPOINT_SPRAY,54.1777271325,12.3144833953,10.0,3.5,False
792,16,WAYPOINT_TURN,54.1777159599,12.3145266447,10.0,3.5,False
793,16,WAYPOINT_SPRAY,54.1777084974,12.3141921815,10.0,3.5,False
794,16,WAYPOINT_TURN,54.1776964954,12.3141982571,10.0,3.5,False
795,16,WAYPOINT_SPRAY,54.1777049367,12.31457659,10.0,3.5,False
796,16,WAYPOINT_TURN,54.1776932295,12.3145958783,10.0,3.5,False
797,16,WAYPOINT_SPRAY,54.1776846228,12.3142101295,10.0,3.5,False
798,16,WAYPOINT_TURN,54.1776727502,12.3142220019,10.0,3.5,False
799,16,WAYPOINT_SPRAY,54.1776813231,12.3146062388,10.0,3.5,False
800,16,WAYPOINT_TURN,54.1776694387,12.3146175823,10.0,3.5,False
801,16,WAYPOINT_SPRAY,54.1776612977,12.3142527001,10.0,3.5,False
802,16,WAYPOINT_TURN,54.177649849,12.3142835716,10.0,3.5,False
803,16,WAYPOINT_SPRAY,54.1776578643,12.3146428242,10.0,3.5,False
804,16,WAYPOINT_TURN,54.1776462899,12.3146680661,10.0,3.5,False
805,16,WAYPOINT_SPRAY,54.1776384003,12.3143144431,10.0,3.5,False
806,16,WAYPOINT_TURN,54.1776268241,12.3143396045,10.0,3.5,False
807,16,WAYPOINT_SPRAY,54.1776347155,12.3146933079,10.0,3.5,False
808,16,WAYPOINT_TURN,54.1776225805,12.3146934225,10.0,3.5,False
809,16,WAYPOINT_SPRAY,54.1776148105,12.3143451583,10.0,3.5,False
810,16,WAYPOINT_TURN,54.1776027969,12.3143507121,10.0,3.5,False
811,16,WAYPOINT_SPRAY,54.1776103301,12.3146883607,10.0,3.5,False
812,16,WAYPOINT_TURN,54.1775980796,12.3146832989,10.0,3.5,False
813,16,WAYPOINT_SPRAY,54.1775907833,12.3143562658,10.0,3.5,False
814,16,WAYPOINT_TURN,54.1775787697,12.3143618196,10.0,3.5,False
815,16,WAYPOINT_SPRAY,54.1775856421,12.3146698523,10.0,3.5,False
816,16,WAYPOINT_TURN,54.1775728215,12.314639233,10.0,3.5,False
817,16,WAYPOINT_SPRAY,54.1775667561,12.3143673734,10.0,3.5,False
818,16,WAYPOINT_TURN,54.1775547425,12.3143729272,10.0,3.5,False
819,16,WAYPOINT_SPRAY,54.1775587908,12.3145543732,10.0,3.5,False
820,16,WAYPOINT_TURN,54.1775455589,12.3145053246,10.0,3.5,False
821,16,WAYPOINT_SPRAY,54.1775427289,12.3143784809,10.0,3.5,False
822,16,WAYPOINT_TURN,54.1775307153,12.3143840347,10.0,3.5,False
823,16,WAYPOINT_SPRAY,54.1775329584,12.31448457,10.0,3.5,False
824,16,WAYPOINT_TURN,54.1775203578,12.3144638155,10.0,3.5,False
825,16,WAYPOINT_SPRAY,54.1775195528,12.3144277342,10.0,3.5,False
826,16,WAYPOINT_TRANSIT,54.1776504192,12.3137924148,10.0,3.5,False
827,16,WAYPOINT_SPRAY,54.1776499888,12.3137731282,10.0,3.5,False
828,16,WAYPOINT_TURN,54.1776362703,12.3137022887,10.0,3.5,False
829,16,WAYPOINT_SPRAY,54.1776390636,12.3138274549,10.0,3.5,False
830,16,WAYPOINT_TURN,54.1776277081,12.3138624949,10.0,3.5,False
831,16,WAYPOINT_SPRAY,54.177622868,12.3136456165,10.0,3.5,False
832,16,WAYPOINT_TURN,54.1776107273,12.3136454739,10.0,3.5,False
833,16,WAYPOINT_SPRAY,54.1776163525,12.313897535,10.0,3.5,False
834,16,WAYPOINT_TURN,54.1776049969,12.313932575,10.0,3.5,False
835,16,WAYPOINT_SPRAY,54.1775985866,12.3136453313,10.0,3.5,False
836,16,WAYPOINT_TURN,54.1775864459,12.3136451888,10.0,3.5,False
837,16,WAYPOINT_SPRAY,54.1775939153,12.3139798941,10.0,3.5,False
838,16,WAYPOINT_TURN,54.1775834092,12.3140530045,10.0,3.5,False
839,16,WAYPOINT_SPRAY,54.1775743051,12.3136450462,10.0,3.5,False
840,16,WAYPOINT_TURN,54.1775621644,12.3136449036,10.0,3.5,False
841,16,WAYPOINT_SPRAY,54.1775714581,12.3140613564,10.0,3.5,False
842,16,WAYPOINT_TURN,54.1775595069,12.3140697084,10.0,3.5,False
843,16,WAYPOINT_SPRAY,54.1775499187,12.3136400533,10.0,3.5,False
844,16,WAYPOINT_TURN,54.1775374508,12.3136252528,10.0,3.5,False
845,16,WAYPOINT_SPRAY,54.1775475558,12.3140780604,10.0,3.5,False
846,16,WAYPOINT_TURN,54.1775356046,12.3140864123,10.0,3.5,False
847,16,WAYPOINT_SPRAY,54.177524983,12.3136104524,10.0,3.5,False
848,16,WAYPOINT_TURN,54.1775125151,12.3135956519,10.0,3.5,False
849,16,WAYPOINT_SPRAY,54.1775232627,12.3140772529,10.0,3.5,False
850,16,WAYPOINT_TURN,54.1775107359,12.3140598084,10.0,3.5,False
851,16,WAYPOINT_SPRAY,54.177500296,12.3135919979,10.0,3.5,False
852,16,WAYPOINT_TURN,54.1774882758,12.3135972513,10.0,3.5,False
853,16,WAYPOINT_SPRAY,54.1774975283,12.3140118531,10.0,3.5,False
854,16,WAYPOINT_TURN,54.1774834284,12.3139239177,10.0,3.5,False
855,16,WAYPOINT_SPRAY,54.1774763109,12.3136049871,10.0,3.5,False
856,16,WAYPOINT_TURN,54.1774647868,12.3136324736,10.0,3.5,False
857,16,WAYPOINT_SPRAY,54.1774695313,12.3138450652,10.0,3.5,False
858,16,WAYPOINT_TURN,54.1774565162,12.3138057443,10.0,3.5,False
859,16,WAYPOINT_SPRAY,54.1774532627,12.3136599602,10.0,3.5,False
860,16,WAYPOINT_TURN,54.1774417386,12.3136874467,10.0,3.5,False
861,16,WAYPOINT_SPRAY,54.1774435012,12.3137664234,10.0,3.5,False
862,16,WAYPOINT_TRANSIT,54.1773837284,12.3132826948,10.0,3.5,False
863,16,WAYPOINT_SPRAY,54.1773846609,12.313324471,10.0,3.5,False
864,16,WAYPOINT_TURN,54.1773741487,12.3133972917,10.0,3.5,False
865,16,WAYPOINT_SPRAY,54.177369846,12.3132045261,10.0,3.5,False
866,16,WAYPOINT_TURN,54.1773566746,12.3131582079,10.0,3.5,False
867,16,WAYPOINT_SPRAY,54.1773636365,12.3134701123,10.0,3.5,False
868,16,WAYPOINT_TURN,54.1773520326,12.3134940208,10.0,3.5,False
869,16,WAYPOINT_SPRAY,54.1773444571,12.3131546235,10.0,3.5,False
870,16,WAYPOINT_TURN,54.1773322395,12.313151039,10.0,3.5,False
871,16,WAYPOINT_SPRAY,54.1773402091,12.3135080889,10.0,3.5,False
872,16,WAYPOINT_TURN,54.1773281334,12.3135108575,10.0,3.5,False
873,16,WAYPOINT_SPRAY,54.177320022,12.3131474546,10.0,3.5,False
874,16,WAYPOINT_TURN,54.1773078045,12.3131438701,10.0,3.5,False
875,16,WAYPOINT_SPRAY,54.1773160532,12.313513429,10.0,3.5,False
876,16,WAYPOINT_TURN,54.1773039731,12.3135160006,10.0,3.5,False
877,16,WAYPOINT_SPRAY,54.1772955869,12.3131402857,10.0,3.5,False
878,16,WAYPOINT_TURN,54.1772833694,12.3131367012,10.0,3.5,False
879,16,WAYPOINT_SPRAY,54.177291893,12.3135185722,10.0,3.5,False
880,16,WAYPOINT_TURN,54.1772798128,12.3135211437,10.0,3.5,False
881,16,WAYPOINT_SPRAY,54.1772713782,12.3131432556,10.0,3.5,False
882,16,WAYPOINT_TURN,54.177259567,12.3131578756,10.0,3.5,False
883,16,WAYPOINT_SPRAY,54.1772676326,12.3135192283,10.0,3.5,False
884,16,WAYPOINT_TURN,54.177255394,12.3135147015,10.0,3.5,False
885,16,WAYPOINT_SPRAY,54.1772477558,12.3131724957,10.0,3.5,False
886,16,WAYPOINT_TURN,54.1772359446,12.3131871157,10.0,3.5,False
887,16,WAYPOINT_SPRAY,54.1772430542,12.3135056367,10.0,3.5,False
888,16,WAYPOINT_TURN,54.1772304991,12.3134869312,10.0,3.5,False
889,16,WAYPOINT_SPRAY,54.1772241334,12.3132017357,10.0,3.5,False
890,16,WAYPOINT_TURN,54.1772123222,12.3132163558,10.0,3.5,False
891,16,WAYPOINT_SPRAY,54.1772179441,12.3134682257,10.0,3.5,False
892,16,WAYPOINT_TURN,54.1772053891,12.3134495203,10.0,3.5,False
893,16,WAYPOINT_SPRAY,54.1772005111,12.3132309758,10.0,3.5,False
894,16,WAYPOINT_TURN,54.1771886999,12.3132455958,10.0,3.5,False
895,16,WAYPOINT_SPRAY,54.1771928341,12.3134308149,10.0,3.5,False
896,16,WAYPOINT_TURN,54.177180279,12.3134121094,10.0,3.5,False
897,16,WAYPOINT_SPRAY,54.1771772248,12.3132752733,10.0,3.5,False
898,16,WAYPOINT_TURN,54.1771657636,12.3133055751,10.0,3.5,False
899,16,WAYPOINT_SPRAY,54.177167724,12.313393404,10.0,3.5,False
900,16,WAYPOINT_TURN,54.1771548675,12.313361193,10.0,3.5,False
901,16,WAYPOINT_SPRAY,54.1771543024,12.3133358768,10.0,3.5,False
902,16,WAYPOINT_TRANSIT,54.1771985839,12.3108851101,10.0,3.5,False
903,16,WAYPOINT_SPRAY,54.1772005128,12.3109714529,10.0,3.5,False
904,16,WAYPOINT_TURN,54.1771886813,12.3109851528,10.0,3.5,False
905,16,WAYPOINT_SPRAY,54.177186123,12.3108706396,10.0,3.5,False
906,16,WAYPOINT_TURN,54.1771736622,12.3108561691,10.0,3.5,False
907,16,WAYPOINT_SPRAY,54.1771768499,12.3109988527,10.0,3.5,False
908,16,WAYPOINT_TURN,54.177164935,12.311008819,10.0,3.5,False
909,16,WAYPOINT_SPRAY,54.1771612014,12.3108416987,10.0,3.5,False
910,16,WAYPOINT_TURN,54.1771486319,12.3108223653,10.0,3.5,False
911,16,WAYPOINT_SPRAY,54.1771526428,12.3110018964,10.0,3.5,False
912,16,WAYPOINT_TURN,54.1771403506,12.3109949739,10.0,3.5,False
913,16,WAYPOINT_SPRAY,54.1771342994,12.3107241223,10.0,3.5,False
914,16,WAYPOINT_TURN,54.1771202651,12.3106392262,10.0,3.5,False
915,16,WAYPOINT_SPRAY,54.1771280584,12.3109880514,10.0,3.5,False
916,16,WAYPOINT_TURN,54.1771157662,12.3109811289,10.0,3.5,False
917,16,WAYPOINT_SPRAY,54.1771080275,12.3106347466,10.0,3.5,False
918,16,WAYPOINT_TURN,54.1770957898,12.310630267,10.0,3.5,False
919,16,WAYPOINT_SPRAY,54.1771036007,12.3109798763,10.0,3.5,False
920,16,WAYPOINT_TURN,54.1770914763,12.3109804625,10.0,3.5,False
921,16,WAYPOINT_SPRAY,54.1770835522,12.3106257874,10.0,3.5,False
922,16,WAYPOINT_TURN,54.1770715166,12.3106303468,10.0,3.5,False
923,16,WAYPOINT_SPRAY,54.1770793518,12.3109810487,10.0,3.5,False
924,16,WAYPOINT_TURN,54.1770672274,12.3109816349,10.0,3.5,False
925,16,WAYPOINT_SPRAY,54.1770595401,12.3106375553,10.0,3.5,False
926,16,WAYPOINT_TURN,54.1770475636,12.3106447638,10.0,3.5,False
927,16,WAYPOINT_SPRAY,54.1770551029,12.3109822211,10.0,3.5,False
928,16,WAYPOINT_TURN,54.1770429785,12.3109828073,10.0,3.5,False
929,16,WAYPOINT_SPRAY,54.1770355871,12.3106519723,10.0,3.5,False
930,16,WAYPOINT_TURN,54.1770236107,12.3106591808,10.0,3.5,False
931,16,WAYPOINT_SPRAY,54.1770308541,12.3109833935,10.0,3.5,False
932,16,WAYPOINT_TURN,54.1770176803,12.3109370105,10.0,3.5,False
933,16,WAYPOINT_SPRAY,54.1770124827,12.3107043665,10.0,3.5,False
934,16,WAYPOINT_TURN,54.1770014649,12.3107544864,10.0,3.5,False
935,16,WAYPOINT_SPRAY,54.1770044526,12.3108882113,10.0,3.5,False
936,16,WAYPOINT_TURN,54.1769912248,12.3108394121,10.0,3.5,False
937,16,WAYPOINT_SPRAY,54.1769904472,12.3108046062,10.0,3.5,False
938,20,RETURN_TO_LAUNCH,54.176129,12.310159,,3.5,False
